{"stats":{"minecraft:crafted":{"minecraft:oak_planks":20,"minecraft:crafting_table":1,"minecraft:oak_boat":1},"minecraft:dropped":{"jujutsucraft:sword_shigemo":1,"jujutsucraft:sickle":2,"jujutsucraft:uniform_normal_chestplate":1,"jujutsucraft:hair_fushiguro_megumi_helmet":1,"minecraft:ink_sac":1,"minecraft:sand":2,"minecraft:string":2,"jujutsucraft:dragon_bone":1},"minecraft:killed_by":{"jujutsucraft:jogo":1,"jujutsucraft:cursed_spirit_grade_06":1},"minecraft:used":{"jujutsucraft:uniform_itadori_chestplate":1,"jujutsucraft:uniform_normal_boots":1,"minecraft:crafting_table":1,"jujutsucraft:uniform_itadori_leggings":1,"minecraft:oak_boat":3,"minecraft:orange_terracotta":2},"minecraft:mined":{"minecraft:dead_bush":2,"minecraft:cactus":11,"minecraft:oak_log":5},"minecraft:picked_up":{"minecraft:salmon":8,"minecraft:oak_log":5,"minecraft:string":3,"minecraft:orange_terracotta":2,"minecraft:oak_boat":2,"jujutsucraft:sword_shigemo":1,"jujutsucraft:hair_fushiguro_megumi_helmet":1,"jujutsucraft:dragon_bone":1,"jujutsucraft:sickle":2,"minecraft:sand":4,"minecraft:ink_sac":1,"minecraft:cactus":20,"minecraft:shears":1,"minecraft:bone_meal":1},"minecraft:killed":{"jujutsucraft:cursed_spirit_grade_32":12,"jujutsucraft:cursed_spirit_grade_210":1,"jujutsucraft:cursed_spirit_grade_21":1,"jujutsucraft:cursed_spirit_grade_31":2,"jujutsucraft:jujutsu_sorcerer":4,"jujutsucraft:choso":1,"minecraft:bat":1,"jujutsucraft:cursed_spirit_grade_37":2,"jujutsucraft:cursed_spirit_grade_35":1,"jujutsucraft:yoshino_junpei":3,"jujutsucraft:cursed_spirit_grade_318":3,"jujutsucraft:curse_user":7,"jujutsucraft:transfigured_human_2":1,"jujutsucraft:cursed_spirit_grade_321":1,"jujutsucraft:cursed_spirit_grade_29":1,"jujutsucraft:cursed_spirit_grade_39":10,"jujutsucraft:cursed_spirit_grade_313":4,"jujutsucraft:cursed_spirit_grade_312":2,"jujutsucraft:cursed_spirit_grade_314":4,"jujutsucraft:cursed_spirit_grade_311":1,"jujutsucraft:cursed_spirit_grade_310":3,"jujutsucraft:negi_toshihisa":1,"jujutsucraft:cursed_spirit_grade_15":1,"jujutsucraft:cursed_spirit_grade_16":1,"jujutsucraft:cursed_spirit_grade_36":3,"jujutsucraft:cursed_spirit_grade_214":1,"jujutsucraft:cursed_spirit_grade_25":1,"jujutsucraft:moon_dregs":1,"jujutsucraft:cursed_spirit_grade_315":4,"jujutsucraft:cursed_spirit_grade_212":2,"jujutsucraft:cursed_spirit_grade_38":1,"jujutsucraft:cursed_spirit_grade_34":3,"jujutsucraft:cursed_spirit_grade_319":5,"jujutsucraft:nobara_kugisaki":1,"minecraft:villager":1,"jujutsucraft:cursed_spirit_grade_27":1,"jujutsucraft:q":3},"minecraft:custom":{"minecraft:mob_kills":100,"minecraft:animals_bred":1,"minecraft:interact_with_crafting_table":1,"minecraft:damage_dealt_resisted":73585,"minecraft:time_since_death":16046,"minecraft:damage_resisted":9908,"minecraft:time_since_rest":16073,"minecraft:walk_one_cm":186995,"minecraft:damage_taken":3672,"minecraft:sprint_one_cm":316483,"minecraft:drop":11,"minecraft:damage_dealt":5458,"minecraft:swim_one_cm":34343,"minecraft:fly_one_cm":341477,"minecraft:player_kills":2,"minecraft:crouch_one_cm":695,"minecraft:play_time":50154,"minecraft:deaths":2,"minecraft:sneak_time":678,"minecraft:walk_under_water_one_cm":15738,"minecraft:boat_one_cm":309777,"minecraft:jump":574,"minecraft:walk_on_water_one_cm":11550,"minecraft:total_world_time":50154,"minecraft:fall_one_cm":39125}},"DataVersion":3465}