{"stats":{"minecraft:crafted":{"minecraft:oak_boat":1,"minecraft:oak_planks":20,"minecraft:crafting_table":1},"minecraft:dropped":{"minecraft:ink_sac":1,"jujutsucraft:sickle":2,"minecraft:sand":2,"minecraft:string":2,"jujutsucraft:dragon_bone":1,"jujutsucraft:uniform_normal_chestplate":1,"jujutsucraft:hair_fushiguro_megumi_helmet":1},"minecraft:killed_by":{"jujutsucraft:jogo":1,"jujutsucraft:cursed_spirit_grade_06":1},"minecraft:used":{"jujutsucraft:uniform_itadori_chestplate":1,"jujutsucraft:uniform_itadori_leggings":1,"jujutsucraft:uniform_normal_boots":1,"minecraft:crafting_table":1,"minecraft:oak_boat":2,"minecraft:orange_terracotta":2},"minecraft:mined":{"minecraft:cactus":11,"minecraft:oak_log":5,"minecraft:dead_bush":2},"minecraft:killed":{"jujutsucraft:cursed_spirit_grade_32":12,"jujutsucraft:cursed_spirit_grade_29":1,"jujutsucraft:cursed_spirit_grade_210":1,"jujutsucraft:cursed_spirit_grade_39":5,"jujutsucraft:cursed_spirit_grade_31":2,"jujutsucraft:cursed_spirit_grade_314":3,"jujutsucraft:cursed_spirit_grade_312":2,"jujutsucraft:cursed_spirit_grade_313":4,"jujutsucraft:cursed_spirit_grade_311":1,"jujutsucraft:cursed_spirit_grade_310":1,"jujutsucraft:jujutsu_sorcerer":1,"jujutsucraft:negi_toshihisa":1,"jujutsucraft:cursed_spirit_grade_16":1,"jujutsucraft:cursed_spirit_grade_36":3,"jujutsucraft:cursed_spirit_grade_25":1,"minecraft:bat":1,"jujutsucraft:cursed_spirit_grade_37":2,"jujutsucraft:choso":1,"jujutsucraft:cursed_spirit_grade_214":1,"jujutsucraft:cursed_spirit_grade_35":1,"jujutsucraft:yoshino_junpei":1,"jujutsucraft:moon_dregs":1,"jujutsucraft:cursed_spirit_grade_318":3,"jujutsucraft:cursed_spirit_grade_212":2,"jujutsucraft:cursed_spirit_grade_315":4,"jujutsucraft:cursed_spirit_grade_34":3,"jujutsucraft:cursed_spirit_grade_319":5,"jujutsucraft:curse_user":7,"jujutsucraft:nobara_kugisaki":1,"minecraft:villager":1,"jujutsucraft:cursed_spirit_grade_27":1,"jujutsucraft:q":3,"jujutsucraft:cursed_spirit_grade_321":1},"minecraft:picked_up":{"jujutsucraft:hair_fushiguro_megumi_helmet":1,"jujutsucraft:dragon_bone":1,"jujutsucraft:sickle":2,"minecraft:salmon":8,"minecraft:sand":4,"minecraft:oak_log":5,"minecraft:ink_sac":1,"minecraft:string":3,"minecraft:orange_terracotta":2,"minecraft:cactus":20,"minecraft:shears":1,"jujutsucraft:sword_shigemo":1,"minecraft:oak_boat":2,"minecraft:bone_meal":1},"minecraft:custom":{"minecraft:time_since_rest":4073,"minecraft:sprint_one_cm":217010,"minecraft:damage_taken":2840,"minecraft:walk_one_cm":133136,"minecraft:mob_kills":80,"minecraft:drop":10,"minecraft:animals_bred":1,"minecraft:damage_dealt":3133,"minecraft:swim_one_cm":34343,"minecraft:interact_with_crafting_table":1,"minecraft:fly_one_cm":231713,"minecraft:player_kills":2,"minecraft:crouch_one_cm":695,"minecraft:play_time":38154,"minecraft:deaths":2,"minecraft:sneak_time":678,"minecraft:walk_under_water_one_cm":15738,"minecraft:boat_one_cm":88562,"minecraft:jump":493,"minecraft:damage_dealt_resisted":45635,"minecraft:time_since_death":4046,"minecraft:walk_on_water_one_cm":11550,"minecraft:total_world_time":38154,"minecraft:damage_resisted":6583,"minecraft:fall_one_cm":32112}},"DataVersion":3465}