{"stats":{"minecraft:dropped":{"jujutsucraft:dragon_bone":1,"jujutsucraft:uniform_normal_chestplate":1,"jujutsucraft:hair_fushiguro_megumi_helmet":1},"minecraft:used":{"jujutsucraft:uniform_itadori_chestplate":1,"jujutsucraft:uniform_itadori_leggings":1,"jujutsucraft:uniform_normal_boots":1,"minecraft:orange_terracotta":2},"minecraft:mined":{"minecraft:dead_bush":2},"minecraft:killed":{"jujutsucraft:cursed_spirit_grade_32":7,"jujutsucraft:cursed_spirit_grade_39":4,"jujutsucraft:cursed_spirit_grade_314":1,"jujutsucraft:cursed_spirit_grade_312":2,"jujutsucraft:cursed_spirit_grade_313":3,"jujutsucraft:cursed_spirit_grade_310":1,"jujutsucraft:negi_toshihisa":1,"jujutsucraft:cursed_spirit_grade_36":3,"jujutsucraft:cursed_spirit_grade_37":1,"jujutsucraft:choso":1,"jujutsucraft:cursed_spirit_grade_35":1,"jujutsucraft:yoshino_junpei":1,"jujutsucraft:cursed_spirit_grade_315":2,"jujutsucraft:cursed_spirit_grade_34":2,"jujutsucraft:cursed_spirit_grade_319":3,"jujutsucraft:curse_user":2,"jujutsucraft:nobara_kugisaki":1,"jujutsucraft:cursed_spirit_grade_321":1},"minecraft:picked_up":{"jujutsucraft:hair_fushiguro_megumi_helmet":1,"jujutsucraft:dragon_bone":1,"minecraft:salmon":6,"minecraft:ink_sac":1,"minecraft:string":1,"minecraft:orange_terracotta":2,"minecraft:shears":1,"minecraft:bone_meal":1},"minecraft:custom":{"minecraft:time_since_rest":14154,"minecraft:sprint_one_cm":54746,"minecraft:damage_taken":900,"minecraft:walk_one_cm":47254,"minecraft:mob_kills":38,"minecraft:drop":3,"minecraft:damage_dealt":1315,"minecraft:swim_one_cm":27348,"minecraft:fly_one_cm":58739,"minecraft:player_kills":2,"minecraft:play_time":14154,"minecraft:sneak_time":39,"minecraft:walk_under_water_one_cm":13353,"minecraft:jump":185,"minecraft:damage_dealt_resisted":13614,"minecraft:time_since_death":14154,"minecraft:walk_on_water_one_cm":5874,"minecraft:total_world_time":14154,"minecraft:damage_resisted":1268,"minecraft:fall_one_cm":12725}},"DataVersion":3465}