{"stats":{"minecraft:crafted":{"minecraft:oak_planks":20,"minecraft:crafting_table":2,"minecraft:spruce_planks":4,"minecraft:stone_axe":1,"minecraft:acacia_boat":1,"minecraft:oak_boat":1,"minecraft:stick":4,"minecraft:wooden_axe":1,"minecraft:acacia_planks":76},"minecraft:dropped":{"minecraft:golden_boots":1,"jujutsucraft:sword_shigemo":5,"minecraft:dark_oak_slab":2,"minecraft:cobblestone":8,"jujutsucraft:sickle":2,"minecraft:activator_rail":6,"minecraft:spruce_stairs":1,"minecraft:grass_block":3,"minecraft:rail":8,"jujutsucraft:hair_fushiguro_megumi_helmet":1,"jujutsucraft:clothes_zenin_leggings":1,"minecraft:dirt":2,"minecraft:grass":1,"minecraft:ink_sac":1,"minecraft:dark_oak_fence":6,"minecraft:white_concrete":12,"minecraft:sand":8,"minecraft:string":2,"jujutsucraft:dragon_bone":1,"minecraft:white_wool":4,"minecraft:gravel":2,"jujutsucraft:weapon_nanami":1,"minecraft:kelp":6,"minecraft:sugar_cane":2,"minecraft:light_gray_wool":4,"jujutsucraft:naginata":1,"minecraft:shears":1,"jujutsucraft:uniform_normal_chestplate":1,"minecraft:stone":2,"jujutsucraft:clothes_zenin_2_leggings":1,"jujutsucraft:clothes_zenin_chestplate":1,"minecraft:beetroot_seeds":6,"minecraft:melon_seeds":4,"minecraft:spruce_slab":1,"jujutsucraft:uniform_normal_boots":2,"jujutsucraft:scissors":1,"minecraft:terracotta":2},"minecraft:killed_by":{"jujutsucraft:fushiguro_toji_bug":1,"jujutsucraft:gojo_satoru":1,"jujutsucraft:sukuna_fushiguro":1,"jujutsucraft:jogo":1,"jujutsucraft:cursed_spirit_grade_06":1},"minecraft:used":{"jujutsucraft:sukuna_finger":3,"minecraft:wooden_axe":8,"minecraft:packed_ice":1,"jujutsucraft:uniform_itadori_leggings":2,"minecraft:orange_terracotta":2,"minecraft:acacia_boat":1,"jujutsucraft:uniform_itadori_chestplate":1,"jujutsucraft:clothes_kashimo_hajime_helmet":1,"jujutsucraft:uniform_normal_boots":1,"jujutsucraft:clothes_zenin_2_leggings":1,"minecraft:crafting_table":3,"minecraft:stone_axe":17,"jujutsucraft:clothes_zenin_leggings":1,"minecraft:oak_boat":3},"minecraft:mined":{"minecraft:acacia_log":20,"minecraft:crafting_table":2,"minecraft:dead_bush":2,"minecraft:tall_grass":4,"minecraft:cactus":11,"minecraft:grass":12,"minecraft:oak_log":5},"minecraft:picked_up":{"minecraft:crafting_table":2,"jujutsucraft:clothes_zenin_chestplate":1,"jujutsucraft:uniform_normal_boots":2,"minecraft:packed_ice":1,"minecraft:string":3,"jujutsucraft:clothes_zenin_leggings":1,"minecraft:activator_rail":6,"minecraft:oak_boat":2,"jujutsucraft:sword_shigemo":5,"minecraft:light_gray_wool":6,"minecraft:spruce_slab":1,"minecraft:sugar_cane":2,"jujutsucraft:hair_fushiguro_megumi_helmet":1,"minecraft:stone":3,"jujutsucraft:sickle":2,"minecraft:acacia_log":19,"minecraft:spruce_stairs":2,"minecraft:cactus":20,"jujutsucraft:naginata":1,"jujutsucraft:clothes_kashimo_hajime_helmet":1,"minecraft:beetroot_seeds":3,"minecraft:shears":1,"minecraft:mutton":5,"minecraft:white_wool":10,"minecraft:cobblestone":11,"minecraft:salmon":14,"jujutsucraft:sukuna_finger":3,"minecraft:oak_log":5,"minecraft:acacia_boat":1,"jujutsucraft:scissors":1,"minecraft:dirt":2,"minecraft:orange_terracotta":2,"minecraft:kelp":6,"jujutsucraft:clothes_zenin_2_leggings":1,"jujutsucraft:dragon_bone":1,"minecraft:dark_oak_slab":2,"minecraft:gravel":2,"minecraft:sand":12,"minecraft:ink_sac":1,"minecraft:grass_block":3,"minecraft:spruce_log":1,"minecraft:bone_meal":1,"minecraft:grass":1,"minecraft:white_concrete":15,"minecraft:terracotta":2,"minecraft:melon_seeds":4,"minecraft:dark_oak_fence":6},"minecraft:killed":{"jujutsucraft:cursed_spirit_grade_32":12,"jujutsucraft:transfigured_human_3":2,"jujutsucraft:inumaki_toge":1,"jujutsucraft:cursed_spirit_grade_21":1,"jujutsucraft:cursed_spirit_grade_33":1,"jujutsucraft:cursed_spirit_grade_31":2,"jujutsucraft:yorozu":1,"jujutsucraft:needle":17,"jujutsucraft:zenin_naobito":1,"jujutsucraft:liquid_metal":1,"jujutsucraft:zenin_naoya":1,"jujutsucraft:earthen_insect_trance":2,"jujutsucraft:cursed_spirit_grade_37":2,"jujutsucraft:cursed_spirit_grade_35":1,"jujutsucraft:yoshino_junpei":3,"jujutsucraft:cursed_spirit_grade_318":3,"jujutsucraft:cursed_spirit_grade_316":2,"minecraft:dolphin":1,"jujutsucraft:transfigured_human_2":1,"jujutsucraft:cursed_spirit_grade_01":1,"jujutsucraft:cursed_spirit_grade_39":16,"jujutsucraft:cursed_spirit_grade_312":2,"jujutsucraft:cursed_spirit_grade_313":5,"minecraft:bee":2,"jujutsucraft:cursed_spirit_grade_15":1,"jujutsucraft:cursed_spirit_grade_19":3,"jujutsucraft:sea_serpent":10,"jujutsucraft:cursed_spirit_grade_16":1,"jujutsucraft:fist":7,"jujutsucraft:cursed_spirit_grade_214":1,"jujutsucraft:cursed_spirit_grade_23":1,"jujutsucraft:zenin_ogi":1,"jujutsucraft:itadori_yuji_shibuya":1,"jujutsucraft:cursed_spirit_grade_317":1,"jujutsucraft:cursed_spirit_grade_38":2,"jujutsucraft:cursed_spirit_grade_34":6,"jujutsucraft:transfigured_human_1":1,"jujutsucraft:nobara_kugisaki":1,"jujutsucraft:cursed_spirit_grade_27":1,"jujutsucraft:true_sphere":2,"jujutsucraft:dagon_2":1,"jujutsucraft:cursed_spirit_grade_210":2,"jujutsucraft:zenin_chojuro":1,"jujutsucraft:dagon_1":1,"jujutsucraft:ice_spear_2":1,"jujutsucraft:jujutsu_sorcerer":7,"minecraft:salmon":42,"minecraft:bat":2,"jujutsucraft:choso":1,"jujutsucraft:zenin_maki":1,"jujutsucraft:bathynomus_giganteus":1,"jujutsucraft:zenin_ranta":2,"jujutsucraft:curse_user":10,"minecraft:squid":38,"jujutsucraft:cursed_spirit_grade_321":1,"minecraft:sheep":4,"jujutsucraft:cursed_spirit_grade_29":1,"jujutsucraft:cursed_spirit_grade_28":1,"jujutsucraft:cursed_spirit_grade_314":5,"jujutsucraft:entity_scissors":4,"jujutsucraft:cursed_spirit_grade_14":1,"jujutsucraft:cursed_spirit_grade_311":1,"jujutsucraft:cursed_spirit_grade_310":3,"jujutsucraft:negi_toshihisa":1,"jujutsucraft:cursed_spirit_grade_36":4,"jujutsucraft:cursed_spirit_grade_25":2,"jujutsucraft:moon_dregs":1,"jujutsucraft:cursed_spirit_grade_315":8,"jujutsucraft:kashimo_hajime":1,"jujutsucraft:cursed_spirit_grade_212":5,"jujutsucraft:cursed_spirit_grade_319":11,"jujutsucraft:cursed_spirit_grade_322":2,"jujutsucraft:geto_suguru_curse_user":1,"jujutsucraft:takaba_fumihiko":1,"minecraft:villager":3,"jujutsucraft:ice_spear":3,"jujutsucraft:sea_serpent_mini":19,"jujutsucraft:q":4,"minecraft:cow":3},"minecraft:custom":{"minecraft:mob_kills":346,"minecraft:animals_bred":1,"minecraft:interact_with_crafting_table":4,"minecraft:open_barrel":14,"minecraft:damage_dealt_resisted":218633,"minecraft:time_since_death":38294,"minecraft:damage_resisted":34100,"minecraft:sprint_one_cm":653584,"minecraft:walk_one_cm":385195,"minecraft:drop":96,"minecraft:play_time":98154,"minecraft:walk_under_water_one_cm":44195,"minecraft:deaths":5,"minecraft:sneak_time":1067,"minecraft:boat_one_cm":514406,"minecraft:jump":1076,"minecraft:walk_on_water_one_cm":96431,"minecraft:total_world_time":98154,"minecraft:time_since_rest":38322,"minecraft:damage_taken":9713,"minecraft:damage_dealt":10538,"minecraft:swim_one_cm":118753,"minecraft:fly_one_cm":799684,"minecraft:player_kills":3,"minecraft:open_chest":3,"minecraft:crouch_one_cm":1653,"minecraft:fall_one_cm":88525}},"DataVersion":3465}