{"stats":{"minecraft:crafted":{"minecraft:oak_planks":20,"minecraft:crafting_table":2,"minecraft:spruce_planks":4,"minecraft:stone_axe":1,"minecraft:acacia_boat":1,"minecraft:oak_boat":1,"minecraft:stick":4,"minecraft:wooden_axe":1,"minecraft:acacia_planks":76},"minecraft:dropped":{"minecraft:golden_boots":1,"minecraft:vine":1,"jujutsucraft:sword_shigemo":5,"minecraft:dark_oak_slab":2,"minecraft:cobblestone":8,"jujutsucraft:sickle":2,"minecraft:activator_rail":6,"minecraft:spruce_stairs":1,"minecraft:grass_block":3,"minecraft:rail":8,"jujutsucraft:hair_fushiguro_megumi_helmet":1,"minecraft:stick":2,"jujutsucraft:clothes_zenin_leggings":1,"minecraft:dirt":4,"minecraft:grass":1,"minecraft:ink_sac":1,"minecraft:dark_oak_fence":6,"minecraft:white_concrete":12,"minecraft:jungle_sapling":1,"minecraft:sand":8,"minecraft:string":3,"jujutsucraft:dragon_bone":1,"minecraft:white_wool":4,"minecraft:gravel":2,"jujutsucraft:weapon_nanami":1,"minecraft:kelp":6,"minecraft:sugar_cane":2,"minecraft:cocoa_beans":10,"minecraft:light_gray_wool":4,"jujutsucraft:naginata":1,"minecraft:shears":1,"jujutsucraft:uniform_normal_chestplate":1,"minecraft:stone":2,"minecraft:spruce_planks":4,"jujutsucraft:clothes_zenin_2_leggings":1,"jujutsucraft:clothes_zenin_chestplate":1,"minecraft:beetroot_seeds":6,"minecraft:melon_seeds":4,"minecraft:oak_sapling":1,"minecraft:spruce_slab":1,"jujutsucraft:uniform_normal_boots":2,"jujutsucraft:scissors":1,"minecraft:terracotta":2},"minecraft:killed_by":{"jujutsucraft:fushiguro_toji_bug":1,"jujutsucraft:gojo_satoru":1,"jujutsucraft:sukuna_fushiguro":3,"jujutsucraft:jogo":1,"jujutsucraft:cursed_spirit_grade_06":1},"minecraft:used":{"jujutsucraft:sukuna_finger":3,"minecraft:wooden_axe":8,"minecraft:packed_ice":1,"jujutsucraft:uniform_itadori_leggings":2,"minecraft:orange_terracotta":2,"minecraft:acacia_boat":1,"jujutsucraft:uniform_itadori_chestplate":1,"jujutsucraft:clothes_kashimo_hajime_helmet":1,"jujutsucraft:uniform_normal_boots":1,"jujutsucraft:clothes_zenin_2_leggings":1,"minecraft:crafting_table":3,"minecraft:stone_axe":17,"jujutsucraft:clothes_zenin_leggings":1,"minecraft:oak_boat":3},"minecraft:mined":{"minecraft:acacia_log":20,"minecraft:crafting_table":2,"minecraft:dead_bush":2,"minecraft:tall_grass":4,"minecraft:cactus":11,"minecraft:grass":12,"minecraft:oak_log":5},"minecraft:picked_up":{"minecraft:cocoa_beans":10,"minecraft:crafting_table":2,"jujutsucraft:clothes_zenin_chestplate":1,"jujutsucraft:uniform_normal_boots":2,"minecraft:packed_ice":1,"minecraft:string":3,"jujutsucraft:clothes_zenin_leggings":1,"minecraft:activator_rail":6,"minecraft:oak_boat":2,"jujutsucraft:sword_shigemo":5,"minecraft:jungle_sapling":1,"minecraft:light_gray_wool":6,"minecraft:spruce_slab":1,"minecraft:sugar_cane":2,"jujutsucraft:hair_fushiguro_megumi_helmet":1,"minecraft:stick":4,"minecraft:stone":3,"jujutsucraft:sickle":2,"minecraft:acacia_log":19,"minecraft:spruce_stairs":2,"minecraft:vine":1,"minecraft:cactus":20,"jujutsucraft:naginata":1,"jujutsucraft:clothes_kashimo_hajime_helmet":1,"minecraft:beetroot_seeds":3,"minecraft:shears":1,"minecraft:mutton":5,"minecraft:white_wool":10,"minecraft:cobblestone":11,"minecraft:salmon":15,"jujutsucraft:sukuna_finger":3,"minecraft:oak_log":5,"minecraft:acacia_boat":1,"jujutsucraft:scissors":1,"minecraft:dirt":4,"minecraft:orange_terracotta":2,"minecraft:kelp":6,"jujutsucraft:clothes_zenin_2_leggings":1,"jujutsucraft:dragon_bone":1,"minecraft:dark_oak_slab":2,"minecraft:gravel":2,"minecraft:sand":12,"minecraft:ink_sac":1,"minecraft:grass_block":3,"minecraft:spruce_log":1,"minecraft:jungle_leaves":1,"minecraft:bone_meal":2,"minecraft:grass":1,"minecraft:white_concrete":15,"minecraft:terracotta":2,"minecraft:oak_sapling":1,"minecraft:melon_seeds":4,"minecraft:dark_oak_fence":6},"minecraft:killed":{"jujutsucraft:mimiko":2,"jujutsucraft:cursed_spirit_grade_32":33,"jujutsucraft:dhruv_lakdawalla":1,"jujutsucraft:transfigured_human_3":14,"jujutsucraft:inumaki_toge":2,"jujutsucraft:cursed_spirit_grade_21":3,"jujutsucraft:cursed_spirit_grade_33":29,"jujutsucraft:cursed_spirit_grade_31":8,"jujutsucraft:reggie_star":1,"jujutsucraft:ishigori_ryu":1,"jujutsucraft:daido_hagane":1,"jujutsucraft:nanako":2,"jujutsucraft:cursed_spirit_grade_11":1,"jujutsucraft:charles_bernard":2,"jujutsucraft:yorozu":1,"jujutsucraft:needle":17,"jujutsucraft:zenin_naobito":3,"jujutsucraft:doll_1":22,"jujutsucraft:liquid_metal":1,"jujutsucraft:zenin_naoya":2,"jujutsucraft:cursed_spirit_grade_12":4,"jujutsucraft:cursed_spirit_grade_24":5,"jujutsucraft:tsukumo_yuki":1,"jujutsucraft:earthen_insect_trance":2,"jujutsucraft:fushiguro_megumi_shibuya":1,"jujutsucraft:cursed_spirit_grade_37":3,"jujutsucraft:cursed_spirit_grade_35":8,"jujutsucraft:yoshino_junpei":7,"jujutsucraft:cursed_spirit_grade_318":19,"jujutsucraft:cursed_spirit_grade_316":9,"jujutsucraft:cursed_spirit_grade_26":7,"jujutsucraft:geto_suguru":1,"minecraft:dolphin":1,"jujutsucraft:cursed_spirit_grade_22":3,"jujutsucraft:kumiya_juzo":3,"jujutsucraft:transfigured_human_2":4,"jujutsucraft:cursed_spirit_grade_03":1,"jujutsucraft:cursed_spirit_grade_01":7,"jujutsucraft:zenin_naoya_cursed_spirit_1":1,"jujutsucraft:miwa_kasumi":6,"jujutsucraft:cursed_spirit_grade_04":1,"jujutsucraft:cursed_spirit_grade_05":1,"jujutsucraft:cursed_spirit_grade_39":32,"jujutsucraft:shigemo_haruta":2,"jujutsucraft:okkotsu_yuta":1,"jujutsucraft:cursed_spirit_grade_312":9,"jujutsucraft:cursed_spirit_grade_313":11,"jujutsucraft:cursed_spirit_grade_215":4,"minecraft:bee":3,"jujutsucraft:fushiguro_toji_bug":1,"jujutsucraft:cursed_spirit_grade_15":4,"minecraft:chicken":8,"jujutsucraft:kechizu":3,"jujutsucraft:cursed_spirit_grade_19":7,"jujutsucraft:sea_serpent":10,"jujutsucraft:cursed_spirit_grade_16":2,"jujutsucraft:rozetsu_shikigami":2,"jujutsucraft:panda_normal":2,"jujutsucraft:gojo_satoru_school_days":2,"jujutsucraft:fist":7,"jujutsucraft:cursed_spirit_grade_214":3,"jujutsucraft:cursed_spirit_grade_23":2,"jujutsucraft:zenin_ogi":2,"jujutsucraft:itadori_yuji_shibuya":1,"jujutsucraft:eso":3,"jujutsucraft:cursed_spirit_grade_317":14,"jujutsucraft:cursed_spirit_grade_38":15,"jujutsucraft:cursed_spirit_grade_34":25,"jujutsucraft:miyo_rokujushi":1,"jujutsucraft:nanami_kento":1,"jujutsucraft:transfigured_human_1":4,"jujutsucraft:higuruma_hiromi":2,"jujutsucraft:nobara_kugisaki":3,"jujutsucraft:cursed_spirit_grade_27":5,"jujutsucraft:mei_mei":1,"minecraft:ocelot":10,"jujutsucraft:true_sphere":2,"jujutsucraft:kusakabe_yatsuya":2,"jujutsucraft:dagon_2":1,"jujutsucraft:uraume":1,"jujutsucraft:cursed_spirit_grade_210":6,"jujutsucraft:garuda":1,"minecraft:parrot":2,"minecraft:pig":15,"jujutsucraft:zenin_chojuro":2,"jujutsucraft:dagon_1":1,"jujutsucraft:ice_spear_2":1,"jujutsucraft:jujutsu_sorcerer":21,"jujutsucraft:nishimiya_momo":1,"minecraft:salmon":59,"jujutsucraft:itadori_yuji_shinjuku":1,"jujutsucraft:cursed_spirit_grade_213":5,"jujutsucraft:awasaka_jiro":2,"minecraft:bat":178,"jujutsucraft:choso":3,"jujutsucraft:zenin_maki":4,"jujutsucraft:bathynomus_giganteus":1,"jujutsucraft:curse_user_1":5,"jujutsucraft:hakari_kinji":1,"jujutsucraft:cursed_spirit_grade_211":9,"jujutsucraft:zenin_ranta":4,"jujutsucraft:curse_user":26,"jujutsucraft:mechamaru":4,"jujutsucraft:yaga_masamichi":4,"jujutsucraft:itadori_yuji":2,"minecraft:squid":164,"jujutsucraft:cursed_spirit_grade_321":16,"minecraft:sheep":14,"jujutsucraft:panda_gorilla":2,"jujutsucraft:jogo":1,"jujutsucraft:cursed_spirit_grade_29":6,"jujutsucraft:cursed_spirit_grade_28":3,"jujutsucraft:blue":1,"jujutsucraft:garuda_ball":1,"jujutsucraft:cursed_spirit_grade_314":33,"jujutsucraft:entity_scissors":4,"jujutsucraft:cursed_spirit_grade_14":4,"jujutsucraft:cursed_spirit_grade_311":10,"jujutsucraft:cursed_spirit_grade_310":14,"jujutsucraft:cursed_spirit_grade_13":3,"jujutsucraft:negi_toshihisa":1,"jujutsucraft:cursed_spirit_grade_18":1,"jujutsucraft:cursed_spirit_grade_17":1,"jujutsucraft:cursed_spirit_grade_36":43,"jujutsucraft:todo_aoi":1,"jujutsucraft:zenin_maki_culling_game":1,"jujutsucraft:cursed_spirit_grade_25":11,"jujutsucraft:rika":1,"jujutsucraft:moon_dregs":2,"jujutsucraft:hoshi_kirara":1,"jujutsucraft:cursed_spirit_grade_110":1,"jujutsucraft:cursed_spirit_grade_315":28,"jujutsucraft:kashimo_hajime":1,"jujutsucraft:cursed_spirit_grade_02":1,"jujutsucraft:cursed_spirit_grade_212":12,"jujutsucraft:cursed_spirit_grade_06":3,"jujutsucraft:cursed_spirit_grade_319":27,"jujutsucraft:cursed_spirit_grade_322":30,"jujutsucraft:geto_suguru_curse_user":1,"jujutsucraft:takaba_fumihiko":1,"minecraft:villager":3,"jujutsucraft:ice_spear":3,"jujutsucraft:kamo_noritoshi":8,"jujutsucraft:ino_takuma":3,"jujutsucraft:sea_serpent_mini":19,"jujutsucraft:q":12,"jujutsucraft:fushiguro_megumi":6,"minecraft:cow":16,"jujutsucraft:ogami":2},"minecraft:custom":{"minecraft:mob_kills":1353,"minecraft:animals_bred":1,"minecraft:interact_with_crafting_table":4,"minecraft:open_barrel":14,"minecraft:damage_dealt_resisted":889033,"minecraft:time_since_death":4382,"minecraft:climb_one_cm":774,"minecraft:damage_resisted":57305,"minecraft:sprint_one_cm":692359,"minecraft:walk_one_cm":494262,"minecraft:drop":118,"minecraft:play_time":110154,"minecraft:walk_under_water_one_cm":54158,"minecraft:deaths":7,"minecraft:sneak_time":1236,"minecraft:boat_one_cm":514406,"minecraft:jump":1315,"minecraft:walk_on_water_one_cm":113720,"minecraft:total_world_time":110154,"minecraft:time_since_rest":4415,"minecraft:damage_taken":15523,"minecraft:damage_dealt":11364,"minecraft:swim_one_cm":129925,"minecraft:fly_one_cm":1133705,"minecraft:player_kills":4,"minecraft:open_chest":3,"minecraft:crouch_one_cm":1969,"minecraft:fall_one_cm":103151}},"DataVersion":3465}