{"stats":{"minecraft:crafted":{"minecraft:oak_planks":20,"minecraft:crafting_table":2,"minecraft:spruce_planks":4,"minecraft:stone_axe":1,"minecraft:acacia_boat":1,"minecraft:oak_boat":1,"minecraft:stick":4,"minecraft:wooden_axe":1,"minecraft:acacia_planks":76},"minecraft:dropped":{"minecraft:golden_boots":1,"minecraft:birch_leaves":1,"minecraft:vine":1,"minecraft:oak_log":2,"jujutsucraft:sword_shigemo":5,"minecraft:dark_oak_slab":2,"minecraft:cobblestone":8,"jujutsucraft:sickle":2,"minecraft:activator_rail":9,"minecraft:spruce_stairs":1,"minecraft:grass_block":3,"minecraft:rail":8,"jujutsucraft:hair_fushiguro_megumi_helmet":1,"minecraft:stick":4,"jujutsucraft:clothes_zenin_leggings":1,"minecraft:dirt":6,"minecraft:grass":1,"minecraft:ink_sac":1,"minecraft:dark_oak_fence":6,"jujutsucraft:uniform_q_chestplate":1,"minecraft:mutton":5,"minecraft:white_concrete":12,"minecraft:jungle_sapling":1,"minecraft:sand":12,"minecraft:string":3,"jujutsucraft:dragon_bone":1,"minecraft:white_wool":4,"minecraft:gravel":2,"jujutsucraft:weapon_nanami":1,"minecraft:kelp":6,"minecraft:sugar_cane":2,"jujutsucraft:playful_cloud":1,"minecraft:cocoa_beans":10,"minecraft:chicken":1,"minecraft:light_gray_wool":4,"jujutsucraft:naginata":1,"minecraft:shears":1,"jujutsucraft:uniform_normal_chestplate":1,"minecraft:stone":6,"minecraft:spruce_planks":4,"jujutsucraft:clothes_zenin_2_leggings":1,"jujutsucraft:clothes_zenin_chestplate":1,"minecraft:beetroot_seeds":6,"minecraft:melon_seeds":4,"minecraft:oak_sapling":5,"minecraft:spruce_slab":1,"jujutsucraft:uniform_normal_boots":2,"jujutsucraft:scissors":1,"minecraft:terracotta":2},"minecraft:killed_by":{"jujutsucraft:fushiguro_toji_bug":1,"jujutsucraft:gojo_satoru":1,"jujutsucraft:sukuna_fushiguro":6,"jujutsucraft:jogo":1,"jujutsucraft:cursed_spirit_grade_06":1},"minecraft:used":{"jujutsucraft:sukuna_finger":4,"minecraft:wooden_axe":8,"minecraft:packed_ice":1,"jujutsucraft:uniform_itadori_leggings":2,"minecraft:orange_terracotta":2,"minecraft:acacia_boat":1,"jujutsucraft:uniform_itadori_chestplate":1,"jujutsucraft:clothes_kashimo_hajime_helmet":1,"jujutsucraft:uniform_normal_boots":1,"jujutsucraft:clothes_zenin_2_leggings":1,"minecraft:crafting_table":3,"minecraft:stone_axe":17,"jujutsucraft:clothes_zenin_leggings":1,"minecraft:oak_boat":3},"minecraft:mined":{"minecraft:acacia_log":20,"minecraft:crafting_table":2,"minecraft:dead_bush":2,"minecraft:tall_grass":4,"minecraft:cactus":11,"minecraft:grass":13,"minecraft:oak_log":5},"minecraft:picked_up":{"minecraft:cocoa_beans":10,"minecraft:crafting_table":2,"minecraft:chicken":1,"jujutsucraft:clothes_zenin_chestplate":1,"jujutsucraft:uniform_normal_boots":2,"minecraft:packed_ice":1,"minecraft:string":3,"jujutsucraft:clothes_zenin_leggings":1,"minecraft:activator_rail":6,"minecraft:oak_boat":2,"jujutsucraft:sword_shigemo":5,"minecraft:jungle_sapling":1,"minecraft:light_gray_wool":6,"minecraft:spruce_slab":1,"minecraft:sugar_cane":2,"jujutsucraft:hair_fushiguro_megumi_helmet":1,"minecraft:stick":7,"minecraft:stone":6,"jujutsucraft:sickle":2,"jujutsucraft:playful_cloud":1,"minecraft:acacia_log":19,"minecraft:spruce_stairs":2,"minecraft:vine":1,"jujutsucraft:uniform_q_leggings":1,"minecraft:cactus":20,"jujutsucraft:naginata":1,"jujutsucraft:clothes_kashimo_hajime_helmet":1,"minecraft:beetroot_seeds":3,"minecraft:shears":1,"minecraft:mutton":9,"minecraft:white_wool":10,"minecraft:cobblestone":11,"minecraft:birch_leaves":1,"minecraft:salmon":15,"jujutsucraft:sukuna_finger":4,"minecraft:oak_log":7,"minecraft:acacia_boat":1,"jujutsucraft:scissors":1,"minecraft:dirt":6,"minecraft:orange_terracotta":2,"minecraft:kelp":6,"jujutsucraft:clothes_zenin_2_leggings":1,"jujutsucraft:dragon_bone":1,"minecraft:dark_oak_slab":2,"minecraft:gravel":2,"minecraft:sand":12,"minecraft:ink_sac":1,"minecraft:grass_block":3,"minecraft:spruce_log":1,"minecraft:jungle_leaves":1,"jujutsucraft:uniform_q_chestplate":1,"minecraft:bone_meal":2,"minecraft:grass":1,"minecraft:white_concrete":15,"minecraft:terracotta":2,"minecraft:oak_sapling":5,"minecraft:melon_seeds":4,"minecraft:dark_oak_fence":6,"minecraft:oak_leaves":4},"minecraft:killed":{"jujutsucraft:mimiko":3,"jujutsucraft:cursed_spirit_grade_32":62,"jujutsucraft:dhruv_lakdawalla":1,"jujutsucraft:transfigured_human_3":24,"jujutsucraft:inumaki_toge":5,"jujutsucraft:cursed_spirit_grade_21":6,"jujutsucraft:cursed_spirit_grade_33":51,"jujutsucraft:cursed_spirit_grade_31":15,"jujutsucraft:reggie_star":2,"jujutsucraft:stevenson_screen":1,"jujutsucraft:ishigori_ryu":3,"jujutsucraft:daido_hagane":3,"jujutsucraft:nanako":6,"jujutsucraft:cursed_spirit_grade_11":8,"jujutsucraft:charles_bernard":3,"jujutsucraft:yorozu":4,"jujutsucraft:needle":17,"jujutsucraft:zenin_naobito":8,"jujutsucraft:doll_1":32,"jujutsucraft:liquid_metal":1,"jujutsucraft:zenin_naoya":3,"jujutsucraft:cursed_spirit_grade_12":10,"jujutsucraft:cursed_spirit_grade_24":13,"jujutsucraft:tsukumo_yuki":2,"jujutsucraft:miguel":2,"jujutsucraft:earthen_insect_trance":2,"jujutsucraft:fushiguro_megumi_shibuya":5,"jujutsucraft:cursed_spirit_grade_37":7,"jujutsucraft:cursed_spirit_grade_35":16,"jujutsucraft:rock_fragment":1,"jujutsucraft:yoshino_junpei":14,"jujutsucraft:rika_2":1,"jujutsucraft:cursed_spirit_grade_318":56,"minecraft:cod":357,"jujutsucraft:cursed_spirit_grade_316":17,"jujutsucraft:cursed_spirit_grade_26":12,"jujutsucraft:geto_suguru":4,"jujutsucraft:wooden_spear_2":5,"minecraft:dolphin":21,"jujutsucraft:cursed_spirit_grade_22":8,"jujutsucraft:kumiya_juzo":5,"jujutsucraft:transfigured_human_2":28,"jujutsucraft:cursed_spirit_grade_03":3,"jujutsucraft:cursed_spirit_grade_01":10,"jujutsucraft:zenin_naoya_cursed_spirit_1":2,"jujutsucraft:miwa_kasumi":7,"jujutsucraft:cursed_spirit_grade_04":1,"jujutsucraft:wooden_spear_1":1,"jujutsucraft:cursed_spirit_grade_05":4,"jujutsucraft:cursed_spirit_grade_39":93,"jujutsucraft:shigemo_haruta":3,"jujutsucraft:okkotsu_yuta":2,"jujutsucraft:cursed_spirit_grade_312":22,"jujutsucraft:cursed_spirit_grade_313":31,"jujutsucraft:cursed_spirit_grade_215":8,"jujutsucraft:larue":1,"minecraft:bee":3,"jujutsucraft:fushiguro_toji_bug":2,"jujutsucraft:cursed_spirit_grade_15":10,"minecraft:chicken":19,"jujutsucraft:kechizu":4,"jujutsucraft:cursed_spirit_grade_19":14,"jujutsucraft:sea_serpent":10,"jujutsucraft:cursed_spirit_grade_16":5,"jujutsucraft:fushiguro_toji":1,"jujutsucraft:cursed_spirit_grade_08":2,"jujutsucraft:rozetsu_shikigami":11,"jujutsucraft:panda_normal":6,"jujutsucraft:gojo_satoru_school_days":3,"jujutsucraft:fist":7,"jujutsucraft:cursed_spirit_grade_214":5,"jujutsucraft:cursed_spirit_grade_23":11,"jujutsucraft:zenin_ogi":6,"jujutsucraft:itadori_yuji_shibuya":2,"jujutsucraft:eso":3,"jujutsucraft:cursed_spirit_grade_317":50,"jujutsucraft:cursed_spirit_grade_38":35,"jujutsucraft:cursed_spirit_grade_34":76,"jujutsucraft:miyo_rokujushi":2,"jujutsucraft:nanami_kento":3,"jujutsucraft:transfigured_human_1":9,"jujutsucraft:higuruma_hiromi":3,"jujutsucraft:nobara_kugisaki":7,"jujutsucraft:cursed_spirit_grade_27":10,"jujutsucraft:mei_mei":1,"minecraft:ocelot":11,"jujutsucraft:true_sphere":2,"jujutsucraft:hazenoki":5,"jujutsucraft:zenin_naoya_cursed_spirit_2":1,"jujutsucraft:okkotsu_yuta_culling_game":1,"jujutsucraft:ember_insect":14,"jujutsucraft:kusakabe_yatsuya":4,"jujutsucraft:dagon_2":2,"jujutsucraft:uraume":3,"jujutsucraft:cursed_spirit_grade_210":11,"jujutsucraft:garuda":2,"minecraft:parrot":2,"minecraft:pig":25,"jujutsucraft:zenin_chojuro":4,"jujutsucraft:dagon_1":1,"jujutsucraft:kukuru":3,"jujutsucraft:ice_spear_2":1,"jujutsucraft:jujutsu_sorcerer":35,"jujutsucraft:nishimiya_momo":2,"minecraft:salmon":59,"jujutsucraft:itadori_yuji_shinjuku":6,"jujutsucraft:cursed_spirit_grade_213":8,"jujutsucraft:awasaka_jiro":6,"jujutsucraft:zenin_jinichi":2,"jujutsucraft:cursed_spirit_grade_09":1,"minecraft:bat":828,"jujutsucraft:choso":6,"jujutsucraft:pure_love_cannon":1,"jujutsucraft:zenin_maki":5,"jujutsucraft:bathynomus_giganteus":1,"jujutsucraft:curse_user_1":15,"jujutsucraft:hakari_kinji":2,"jujutsucraft:cursed_spirit_grade_211":18,"jujutsucraft:zenin_ranta":4,"jujutsucraft:curse_user":42,"jujutsucraft:mechamaru":10,"jujutsucraft:cursed_spirit_grade_07":2,"jujutsucraft:yaga_masamichi":6,"jujutsucraft:itadori_yuji":8,"minecraft:squid":375,"jujutsucraft:cursed_spirit_grade_321":38,"minecraft:sheep":22,"jujutsucraft:panda_gorilla":5,"jujutsucraft:jogo":3,"jujutsucraft:cursed_spirit_grade_29":12,"jujutsucraft:cursed_spirit_grade_28":9,"jujutsucraft:blue":1,"jujutsucraft:rozetsu":1,"jujutsucraft:garuda_ball":1,"jujutsucraft:cursed_spirit_grade_314":69,"jujutsucraft:entity_scissors":4,"jujutsucraft:cursed_spirit_grade_14":10,"jujutsucraft:cursed_spirit_grade_311":28,"jujutsucraft:cursed_spirit_grade_310":40,"jujutsucraft:cursed_spirit_grade_13":7,"jujutsucraft:negi_toshihisa":2,"jujutsucraft:miguel_dancer":1,"jujutsucraft:cursed_spirit_grade_18":6,"jujutsucraft:cursed_spirit_grade_17":5,"jujutsucraft:cursed_spirit_grade_36":67,"jujutsucraft:todo_aoi":4,"jujutsucraft:uro_takako":1,"jujutsucraft:zenin_maki_culling_game":1,"jujutsucraft:cursed_spirit_grade_25":16,"jujutsucraft:hanami":3,"jujutsucraft:rika":1,"jujutsucraft:moon_dregs":5,"jujutsucraft:hoshi_kirara":5,"jujutsucraft:cursed_spirit_grade_110":6,"jujutsucraft:cursed_spirit_grade_315":81,"jujutsucraft:kashimo_hajime":2,"jujutsucraft:cursed_spirit_grade_02":6,"jujutsucraft:cursed_spirit_grade_212":24,"jujutsucraft:cursed_spirit_grade_06":3,"jujutsucraft:cursed_spirit_grade_319":57,"jujutsucraft:cursed_spirit_grade_322":54,"jujutsucraft:geto_suguru_curse_user":3,"jujutsucraft:takaba_fumihiko":1,"minecraft:villager":3,"jujutsucraft:ice_spear":3,"jujutsucraft:kamo_noritoshi":12,"jujutsucraft:ino_takuma":5,"jujutsucraft:sea_serpent_mini":19,"jujutsucraft:wooden_ball_1":12,"jujutsucraft:q":17,"jujutsucraft:fushiguro_megumi":10,"minecraft:cow":16,"jujutsucraft:gravestone_3":1,"jujutsucraft:ogami":5},"minecraft:custom":{"minecraft:mob_kills":3630,"minecraft:animals_bred":1,"minecraft:interact_with_crafting_table":4,"minecraft:open_barrel":14,"minecraft:damage_dealt_resisted":2522880,"minecraft:time_since_death":55,"minecraft:climb_one_cm":774,"minecraft:damage_resisted":82155,"minecraft:sprint_one_cm":807292,"minecraft:walk_one_cm":625298,"minecraft:drop":143,"minecraft:play_time":128154,"minecraft:walk_under_water_one_cm":55937,"minecraft:deaths":10,"minecraft:sneak_time":1399,"minecraft:boat_one_cm":514406,"minecraft:jump":1624,"minecraft:walk_on_water_one_cm":142547,"minecraft:total_world_time":128154,"minecraft:time_since_rest":80,"minecraft:damage_taken":22027,"minecraft:damage_dealt":14663,"minecraft:swim_one_cm":132635,"minecraft:fly_one_cm":1401483,"minecraft:player_kills":5,"minecraft:open_chest":3,"minecraft:crouch_one_cm":2712,"minecraft:fall_one_cm":121128}},"DataVersion":3465}