{"stats":{"minecraft:crafted":{"minecraft:oak_planks":20,"minecraft:crafting_table":2,"minecraft:spruce_planks":4,"minecraft:stone_axe":1,"minecraft:acacia_boat":1,"minecraft:oak_boat":1,"minecraft:stick":4,"minecraft:wooden_axe":1,"minecraft:acacia_planks":76},"minecraft:killed_by":{"jujutsucraft:fushiguro_toji_bug":1,"jujutsucraft:gojo_satoru":2,"jujutsucraft:sukuna_fushiguro":6,"jujutsucraft:okkotsu_yuta_culling_game":1,"jujutsucraft:jogo":1,"jujutsucraft:cursed_spirit_grade_06":1},"minecraft:mined":{"minecraft:acacia_log":20,"minecraft:crafting_table":2,"minecraft:dead_bush":2,"minecraft:tall_grass":4,"minecraft:seagrass":1,"minecraft:cactus":11,"minecraft:grass":13,"minecraft:oak_log":5},"minecraft:killed":{"jujutsucraft:mimiko":6,"jujutsucraft:cursed_spirit_grade_32":73,"jujutsucraft:transfigured_human_3":34,"jujutsucraft:cursed_spirit_grade_21":13,"jujutsucraft:cursed_spirit_grade_33":69,"jujutsucraft:cursed_spirit_grade_31":22,"jujutsucraft:inumaki_toge":6,"jujutsucraft:dhruv_lakdawalla":3,"jujutsucraft:reggie_star":3,"jujutsucraft:stevenson_screen":1,"jujutsucraft:ishigori_ryu":3,"jujutsucraft:daido_hagane":4,"jujutsucraft:nanako":13,"jujutsucraft:cursed_spirit_grade_11":12,"jujutsucraft:yorozu":5,"jujutsucraft:charles_bernard":6,"jujutsucraft:needle":17,"jujutsucraft:zenin_naobito":10,"jujutsucraft:doll_1":37,"jujutsucraft:liquid_metal":1,"jujutsucraft:zenin_naoya":4,"jujutsucraft:cursed_spirit_grade_12":13,"jujutsucraft:cursed_spirit_grade_24":18,"jujutsucraft:tsukumo_yuki":2,"jujutsucraft:miguel":3,"jujutsucraft:earthen_insect_trance":3,"jujutsucraft:fushiguro_megumi_shibuya":6,"jujutsucraft:energy_ball_white":1,"jujutsucraft:cursed_spirit_grade_37":8,"jujutsucraft:cursed_spirit_grade_35":23,"jujutsucraft:rock_fragment":10,"jujutsucraft:yoshino_junpei":15,"jujutsucraft:cursed_spirit_grade_318":97,"jujutsucraft:cursed_spirit_grade_26":15,"jujutsucraft:cursed_spirit_grade_316":25,"jujutsucraft:geto_suguru":5,"minecraft:cod":673,"jujutsucraft:rika_2":3,"minecraft:dolphin":101,"jujutsucraft:kumiya_juzo":7,"jujutsucraft:cursed_spirit_grade_22":8,"jujutsucraft:transfigured_human_2":35,"jujutsucraft:wooden_spear_2":10,"jujutsucraft:cursed_spirit_grade_03":5,"jujutsucraft:cursed_spirit_grade_01":13,"jujutsucraft:zenin_naoya_cursed_spirit_1":3,"jujutsucraft:miwa_kasumi":10,"jujutsucraft:cursed_spirit_grade_04":7,"jujutsucraft:wooden_spear_1":1,"jujutsucraft:cursed_spirit_grade_05":6,"jujutsucraft:cursed_spirit_grade_39":115,"jujutsucraft:shigemo_haruta":4,"jujutsucraft:okkotsu_yuta":3,"jujutsucraft:cursed_spirit_grade_312":34,"jujutsucraft:cursed_spirit_grade_313":48,"jujutsucraft:cursed_spirit_grade_215":11,"jujutsucraft:larue":2,"minecraft:bee":3,"jujutsucraft:fushiguro_toji_bug":3,"jujutsucraft:cursed_spirit_grade_15":14,"minecraft:chicken":22,"jujutsucraft:kechizu":6,"jujutsucraft:cursed_spirit_grade_19":16,"jujutsucraft:sea_serpent":11,"jujutsucraft:cursed_spirit_grade_16":10,"jujutsucraft:fushiguro_toji":1,"jujutsucraft:rabbit_escape":1,"jujutsucraft:panda_normal":7,"jujutsucraft:gojo_satoru_school_days":3,"jujutsucraft:rozetsu_shikigami":21,"jujutsucraft:fist":7,"jujutsucraft:cursed_spirit_grade_08":5,"jujutsucraft:cursed_spirit_grade_23":17,"jujutsucraft:itadori_yuji_shibuya":3,"jujutsucraft:cursed_spirit_grade_214":6,"jujutsucraft:zenin_ogi":7,"jujutsucraft:eso":5,"jujutsucraft:cursed_spirit_grade_317":73,"jujutsucraft:cursed_spirit_grade_38":50,"jujutsucraft:cursed_spirit_grade_34":133,"jujutsucraft:higuruma_hiromi":5,"jujutsucraft:transfigured_human_1":19,"jujutsucraft:kurusu_hana":3,"jujutsucraft:nanami_kento":6,"jujutsucraft:miyo_rokujushi":2,"jujutsucraft:nobara_kugisaki":8,"jujutsucraft:cursed_spirit_grade_27":12,"jujutsucraft:mei_mei":2,"minecraft:ocelot":11,"jujutsucraft:true_sphere":3,"jujutsucraft:hazenoki":5,"jujutsucraft:zenin_naoya_cursed_spirit_2":1,"jujutsucraft:okkotsu_yuta_culling_game":3,"jujutsucraft:ember_insect":33,"jujutsucraft:kusakabe_yatsuya":6,"jujutsucraft:dagon_2":2,"jujutsucraft:uraume":3,"jujutsucraft:cursed_spirit_grade_210":13,"jujutsucraft:garuda":2,"minecraft:parrot":2,"minecraft:pig":27,"jujutsucraft:zenin_chojuro":4,"jujutsucraft:dagon_1":2,"jujutsucraft:kukuru":9,"jujutsucraft:ice_spear_2":1,"jujutsucraft:jujutsu_sorcerer":46,"jujutsucraft:nishimiya_momo":4,"jujutsucraft:cursed_spirit_grade_213":11,"minecraft:salmon":61,"jujutsucraft:itadori_yuji_shinjuku":7,"jujutsucraft:awasaka_jiro":7,"jujutsucraft:zenin_jinichi":2,"jujutsucraft:cursed_spirit_grade_09":1,"minecraft:bat":1173,"jujutsucraft:choso":6,"jujutsucraft:pure_love_cannon":2,"jujutsucraft:zenin_maki":7,"jujutsucraft:hakari_kinji":3,"jujutsucraft:bathynomus_giganteus":1,"jujutsucraft:cursed_spirit_grade_211":22,"jujutsucraft:curse_user_1":25,"jujutsucraft:coffin":1,"jujutsucraft:zenin_ranta":6,"jujutsucraft:curse_user":49,"jujutsucraft:mechamaru":11,"jujutsucraft:cursed_spirit_grade_07":7,"jujutsucraft:yaga_masamichi":7,"jujutsucraft:itadori_yuji":12,"minecraft:squid":545,"jujutsucraft:cursed_spirit_grade_321":59,"jujutsucraft:zenin_naoya_cursed_spirit_3":1,"minecraft:sheep":23,"jujutsucraft:panda_gorilla":6,"jujutsucraft:cursed_spirit_grade_28":14,"jujutsucraft:cursed_spirit_grade_29":15,"jujutsucraft:jogo":5,"jujutsucraft:blue":1,"jujutsucraft:rozetsu":2,"jujutsucraft:garuda_ball":1,"jujutsucraft:cursed_spirit_grade_314":98,"jujutsucraft:entity_scissors":4,"jujutsucraft:kenjaku":1,"jujutsucraft:cursed_spirit_grade_14":11,"jujutsucraft:cockroaches":20,"jujutsucraft:cursed_spirit_grade_311":37,"jujutsucraft:cursed_spirit_grade_310":63,"jujutsucraft:cursed_spirit_grade_13":8,"jujutsucraft:negi_toshihisa":5,"jujutsucraft:cursed_spirit_grade_18":7,"jujutsucraft:miguel_dancer":3,"jujutsucraft:cursed_spirit_grade_17":9,"jujutsucraft:cursed_spirit_grade_36":78,"jujutsucraft:todo_aoi":6,"jujutsucraft:uro_takako":1,"jujutsucraft:zenin_maki_culling_game":1,"jujutsucraft:cursed_spirit_grade_25":25,"jujutsucraft:hanami":3,"jujutsucraft:moon_dregs":6,"jujutsucraft:cursed_spirit_grade_110":9,"jujutsucraft:cursed_spirit_grade_315":105,"jujutsucraft:kashimo_hajime":3,"jujutsucraft:cursed_spirit_grade_212":35,"jujutsucraft:takaba_fumihiko":3,"jujutsucraft:hoshi_kirara":6,"jujutsucraft:cursed_spirit_grade_319":74,"jujutsucraft:rika":1,"jujutsucraft:cursed_spirit_grade_02":6,"jujutsucraft:cursed_spirit_grade_322":73,"jujutsucraft:geto_suguru_curse_user":3,"jujutsucraft:ice_spear":3,"jujutsucraft:cursed_spirit_grade_06":7,"minecraft:villager":3,"jujutsucraft:kamo_noritoshi":15,"jujutsucraft:ino_takuma":8,"jujutsucraft:sea_serpent_mini":19,"jujutsucraft:q":25,"jujutsucraft:wooden_ball_1":12,"minecraft:cow":25,"jujutsucraft:fushiguro_megumi":14,"jujutsucraft:gravestone_3":5,"jujutsucraft:ogami":9},"minecraft:custom":{"minecraft:mob_kills":5334,"minecraft:animals_bred":1,"minecraft:interact_with_crafting_table":4,"minecraft:open_barrel":14,"minecraft:damage_dealt_resisted":3656340,"minecraft:time_since_death":843,"minecraft:climb_one_cm":774,"minecraft:damage_resisted":106334,"minecraft:walk_one_cm":752561,"minecraft:sprint_one_cm":909800,"minecraft:drop":165,"minecraft:play_time":144854,"minecraft:sneak_time":1399,"minecraft:deaths":12,"minecraft:walk_under_water_one_cm":67590,"minecraft:boat_one_cm":514406,"minecraft:jump":1833,"minecraft:walk_on_water_one_cm":193507,"minecraft:total_world_time":144854,"minecraft:time_since_rest":900,"minecraft:damage_taken":28086,"minecraft:damage_dealt":14743,"minecraft:player_kills":6,"minecraft:swim_one_cm":159853,"minecraft:fly_one_cm":1708098,"minecraft:open_chest":3,"minecraft:crouch_one_cm":2712,"minecraft:fall_one_cm":141808},"minecraft:dropped":{"minecraft:golden_boots":1,"jujutsucraft:clothes_kashimo_hajime_helmet":1,"minecraft:birch_leaves":1,"minecraft:vine":3,"minecraft:oak_log":2,"jujutsucraft:sword_shigemo":5,"minecraft:crafting_table":1,"minecraft:dark_oak_slab":2,"minecraft:cobblestone":8,"jujutsucraft:sickle":2,"jujutsucraft:uniform_q_leggings":2,"minecraft:activator_rail":9,"minecraft:spruce_stairs":2,"minecraft:grass_block":3,"minecraft:rail":8,"jujutsucraft:hair_fushiguro_megumi_helmet":1,"minecraft:cod":3,"minecraft:stick":6,"minecraft:dirt":6,"jujutsucraft:clothes_zenin_leggings":1,"minecraft:grass":1,"minecraft:ink_sac":1,"minecraft:dark_oak_fence":6,"jujutsucraft:uniform_q_chestplate":1,"minecraft:mutton":9,"minecraft:white_concrete":15,"minecraft:jungle_sapling":2,"minecraft:iron_axe":1,"minecraft:sand":12,"minecraft:string":3,"jujutsucraft:dragon_bone":1,"minecraft:white_wool":10,"minecraft:gravel":2,"jujutsucraft:weapon_nanami":2,"minecraft:kelp":7,"minecraft:sugar_cane":2,"jujutsucraft:playful_cloud":1,"minecraft:cocoa_beans":10,"minecraft:chicken":1,"minecraft:oak_planks":2,"minecraft:light_gray_wool":6,"jujutsucraft:naginata":1,"minecraft:shears":1,"jujutsucraft:uniform_normal_chestplate":1,"minecraft:stone":6,"minecraft:spruce_planks":4,"jujutsucraft:clothes_zenin_2_leggings":1,"minecraft:beetroot_seeds":6,"minecraft:melon_seeds":4,"jujutsucraft:clothes_zenin_chestplate":1,"minecraft:oak_sapling":5,"minecraft:spruce_slab":1,"jujutsucraft:uniform_normal_boots":2,"jujutsucraft:scissors":1,"minecraft:oak_leaves":4,"minecraft:terracotta":2},"minecraft:used":{"jujutsucraft:sukuna_finger":5,"minecraft:wooden_axe":8,"minecraft:packed_ice":1,"jujutsucraft:uniform_itadori_leggings":2,"minecraft:orange_terracotta":2,"minecraft:acacia_boat":1,"jujutsucraft:uniform_itadori_chestplate":1,"jujutsucraft:clothes_kashimo_hajime_helmet":1,"jujutsucraft:uniform_normal_boots":1,"jujutsucraft:clothes_zenin_2_leggings":1,"minecraft:crafting_table":3,"jujutsucraft:itadori_arm":1,"minecraft:stone_axe":17,"minecraft:oak_boat":3,"jujutsucraft:clothes_zenin_leggings":1},"minecraft:picked_up":{"minecraft:cocoa_beans":10,"minecraft:crafting_table":2,"minecraft:chicken":1,"jujutsucraft:clothes_zenin_chestplate":1,"jujutsucraft:uniform_normal_boots":2,"minecraft:packed_ice":1,"minecraft:string":3,"minecraft:iron_axe":1,"jujutsucraft:clothes_zenin_leggings":1,"minecraft:activator_rail":6,"minecraft:oak_boat":2,"jujutsucraft:sword_shigemo":5,"minecraft:jungle_sapling":2,"minecraft:spruce_slab":1,"minecraft:light_gray_wool":6,"minecraft:sugar_cane":2,"jujutsucraft:hair_fushiguro_megumi_helmet":1,"minecraft:stick":9,"minecraft:stone":6,"jujutsucraft:sickle":2,"jujutsucraft:playful_cloud":1,"minecraft:acacia_log":19,"minecraft:spruce_stairs":2,"jujutsucraft:sword_okkotsu_yuta":1,"minecraft:vine":3,"jujutsucraft:uniform_q_leggings":2,"minecraft:cactus":20,"jujutsucraft:naginata":1,"jujutsucraft:clothes_kashimo_hajime_helmet":1,"minecraft:beetroot_seeds":3,"minecraft:shears":1,"minecraft:mutton":9,"minecraft:cod":44,"minecraft:white_wool":10,"minecraft:cobblestone":11,"minecraft:birch_leaves":1,"minecraft:salmon":15,"jujutsucraft:sukuna_finger":5,"minecraft:oak_log":7,"minecraft:acacia_boat":1,"jujutsucraft:scissors":1,"minecraft:dirt":6,"minecraft:orange_terracotta":2,"jujutsucraft:weapon_nanami":1,"jujutsucraft:itadori_arm":1,"minecraft:kelp":7,"jujutsucraft:clothes_zenin_2_leggings":1,"jujutsucraft:dragon_bone":1,"minecraft:dark_oak_slab":2,"minecraft:gravel":2,"minecraft:sand":12,"minecraft:spruce_log":1,"minecraft:ink_sac":25,"minecraft:grass_block":3,"minecraft:jungle_leaves":1,"jujutsucraft:uniform_q_chestplate":1,"minecraft:white_concrete":15,"minecraft:grass":1,"minecraft:bone_meal":4,"minecraft:terracotta":2,"minecraft:oak_sapling":5,"minecraft:melon_seeds":4,"minecraft:dark_oak_fence":6,"minecraft:oak_leaves":4}},"DataVersion":3465}