{"stats":{"minecraft:crafted":{"minecraft:oak_planks":20,"minecraft:crafting_table":2,"minecraft:stone_axe":1,"minecraft:oak_boat":1,"minecraft:stick":4,"minecraft:wooden_axe":1},"minecraft:dropped":{"jujutsucraft:sword_shigemo":1,"jujutsucraft:sickle":2,"jujutsucraft:uniform_normal_chestplate":1,"jujutsucraft:hair_fushiguro_megumi_helmet":1,"minecraft:ink_sac":1,"minecraft:sand":2,"minecraft:string":2,"jujutsucraft:dragon_bone":1,"minecraft:terracotta":2},"minecraft:killed_by":{"jujutsucraft:sukuna_fushiguro":1,"jujutsucraft:jogo":1,"jujutsucraft:fushiguro_toji_bug":1,"jujutsucraft:cursed_spirit_grade_06":1,"jujutsucraft:gojo_satoru":1},"minecraft:used":{"jujutsucraft:uniform_itadori_chestplate":1,"jujutsucraft:uniform_normal_boots":1,"minecraft:crafting_table":2,"minecraft:wooden_axe":8,"jujutsucraft:uniform_itadori_leggings":1,"minecraft:stone_axe":16,"minecraft:oak_boat":3,"minecraft:orange_terracotta":2},"minecraft:mined":{"minecraft:crafting_table":1,"minecraft:acacia_log":20,"minecraft:dead_bush":2,"minecraft:cactus":11,"minecraft:grass":3,"minecraft:oak_log":5},"minecraft:picked_up":{"minecraft:crafting_table":1,"minecraft:salmon":8,"minecraft:oak_log":5,"minecraft:string":3,"minecraft:orange_terracotta":2,"minecraft:oak_boat":2,"jujutsucraft:sword_shigemo":1,"jujutsucraft:hair_fushiguro_megumi_helmet":1,"jujutsucraft:dragon_bone":1,"jujutsucraft:sickle":2,"minecraft:acacia_log":19,"minecraft:sand":4,"minecraft:ink_sac":1,"minecraft:cactus":20,"minecraft:shears":1,"minecraft:bone_meal":1,"minecraft:terracotta":2,"minecraft:cobblestone":4},"minecraft:killed":{"jujutsucraft:cursed_spirit_grade_32":12,"jujutsucraft:cursed_spirit_grade_210":2,"jujutsucraft:cursed_spirit_grade_21":1,"jujutsucraft:cursed_spirit_grade_31":2,"jujutsucraft:ice_spear_2":1,"jujutsucraft:jujutsu_sorcerer":4,"jujutsucraft:choso":1,"minecraft:bat":1,"jujutsucraft:cursed_spirit_grade_37":2,"jujutsucraft:cursed_spirit_grade_35":1,"jujutsucraft:yoshino_junpei":3,"jujutsucraft:cursed_spirit_grade_318":3,"jujutsucraft:cursed_spirit_grade_316":2,"jujutsucraft:zenin_ranta":1,"jujutsucraft:curse_user":9,"jujutsucraft:transfigured_human_2":1,"jujutsucraft:cursed_spirit_grade_321":1,"jujutsucraft:cursed_spirit_grade_29":1,"jujutsucraft:cursed_spirit_grade_28":1,"jujutsucraft:cursed_spirit_grade_39":16,"jujutsucraft:cursed_spirit_grade_313":4,"jujutsucraft:cursed_spirit_grade_312":2,"jujutsucraft:cursed_spirit_grade_314":5,"jujutsucraft:entity_scissors":4,"jujutsucraft:cursed_spirit_grade_311":1,"jujutsucraft:cursed_spirit_grade_310":3,"jujutsucraft:negi_toshihisa":1,"jujutsucraft:cursed_spirit_grade_15":1,"jujutsucraft:cursed_spirit_grade_19":1,"jujutsucraft:cursed_spirit_grade_16":1,"jujutsucraft:cursed_spirit_grade_36":4,"jujutsucraft:cursed_spirit_grade_214":1,"jujutsucraft:cursed_spirit_grade_25":1,"jujutsucraft:moon_dregs":1,"jujutsucraft:kashimo_hajime":1,"jujutsucraft:cursed_spirit_grade_315":6,"jujutsucraft:cursed_spirit_grade_212":3,"jujutsucraft:cursed_spirit_grade_38":2,"jujutsucraft:cursed_spirit_grade_34":4,"jujutsucraft:cursed_spirit_grade_319":9,"jujutsucraft:ice_spear":3,"jujutsucraft:cursed_spirit_grade_322":1,"jujutsucraft:transfigured_human_1":1,"jujutsucraft:nobara_kugisaki":1,"minecraft:villager":1,"jujutsucraft:cursed_spirit_grade_27":1,"jujutsucraft:q":4},"minecraft:custom":{"minecraft:mob_kills":147,"minecraft:animals_bred":1,"minecraft:interact_with_crafting_table":3,"minecraft:damage_dealt_resisted":98937,"minecraft:time_since_death":2294,"minecraft:damage_resisted":22209,"minecraft:time_since_rest":2322,"minecraft:walk_one_cm":245718,"minecraft:damage_taken":6739,"minecraft:sprint_one_cm":406118,"minecraft:drop":13,"minecraft:damage_dealt":6603,"minecraft:swim_one_cm":39006,"minecraft:fly_one_cm":460216,"minecraft:player_kills":3,"minecraft:crouch_one_cm":798,"minecraft:play_time":62154,"minecraft:deaths":5,"minecraft:sneak_time":778,"minecraft:walk_under_water_one_cm":24151,"minecraft:boat_one_cm":324312,"minecraft:jump":700,"minecraft:walk_on_water_one_cm":29621,"minecraft:total_world_time":62154,"minecraft:fall_one_cm":54108}},"DataVersion":3465}