{"stats":{"minecraft:crafted":{"minecraft:oak_boat":1,"minecraft:oak_planks":20,"minecraft:crafting_table":1},"minecraft:dropped":{"minecraft:ink_sac":1,"jujutsucraft:dragon_bone":1,"jujutsucraft:uniform_normal_chestplate":1,"jujutsucraft:hair_fushiguro_megumi_helmet":1},"minecraft:killed_by":{"jujutsucraft:cursed_spirit_grade_06":1},"minecraft:used":{"jujutsucraft:uniform_itadori_chestplate":1,"jujutsucraft:uniform_itadori_leggings":1,"jujutsucraft:uniform_normal_boots":1,"minecraft:crafting_table":1,"minecraft:oak_boat":1,"minecraft:orange_terracotta":2},"minecraft:mined":{"minecraft:oak_log":5,"minecraft:dead_bush":2},"minecraft:killed":{"jujutsucraft:cursed_spirit_grade_32":7,"jujutsucraft:cursed_spirit_grade_39":4,"jujutsucraft:cursed_spirit_grade_314":1,"jujutsucraft:cursed_spirit_grade_312":2,"jujutsucraft:cursed_spirit_grade_313":3,"jujutsucraft:cursed_spirit_grade_310":1,"jujutsucraft:negi_toshihisa":1,"jujutsucraft:cursed_spirit_grade_36":3,"jujutsucraft:cursed_spirit_grade_37":1,"jujutsucraft:choso":1,"jujutsucraft:cursed_spirit_grade_35":1,"jujutsucraft:yoshino_junpei":1,"jujutsucraft:moon_dregs":1,"jujutsucraft:cursed_spirit_grade_315":2,"jujutsucraft:cursed_spirit_grade_34":2,"jujutsucraft:cursed_spirit_grade_319":5,"jujutsucraft:curse_user":3,"jujutsucraft:nobara_kugisaki":1,"jujutsucraft:cursed_spirit_grade_321":1},"minecraft:picked_up":{"jujutsucraft:hair_fushiguro_megumi_helmet":1,"jujutsucraft:dragon_bone":1,"minecraft:salmon":8,"minecraft:oak_log":5,"minecraft:ink_sac":1,"minecraft:string":1,"minecraft:orange_terracotta":2,"minecraft:shears":1,"minecraft:oak_boat":1,"minecraft:bone_meal":1},"minecraft:custom":{"minecraft:time_since_rest":10684,"minecraft:sprint_one_cm":102477,"minecraft:damage_taken":1454,"minecraft:walk_one_cm":59141,"minecraft:mob_kills":42,"minecraft:drop":4,"minecraft:damage_dealt":1402,"minecraft:swim_one_cm":33240,"minecraft:interact_with_crafting_table":1,"minecraft:fly_one_cm":101376,"minecraft:player_kills":2,"minecraft:crouch_one_cm":695,"minecraft:play_time":26154,"minecraft:deaths":1,"minecraft:sneak_time":678,"minecraft:walk_under_water_one_cm":14583,"minecraft:boat_one_cm":77510,"minecraft:jump":319,"minecraft:damage_dealt_resisted":18235,"minecraft:time_since_death":10539,"minecraft:walk_on_water_one_cm":7726,"minecraft:total_world_time":26154,"minecraft:damage_resisted":2098,"minecraft:fall_one_cm":24387}},"DataVersion":3465}