{"stats":{"minecraft:used":{"jujutsucraft:sukuna_finger":6,"jujutsucraft:mahoraga_body_helmet":3,"minecraft:packed_ice":1,"jujutsucraft:clothes_zenin_2_leggings":1,"jujutsucraft:clothes_hakari_kinji_boots":1,"jujutsucraft:itadori_arm":1,"jujutsucraft:clothes_zenin_leggings":1,"minecraft:oak_boat":3,"jujutsucraft:clothes_hakari_kinji_helmet":3,"minecraft:wooden_axe":8,"jujutsucraft:uniform_itadori_leggings":2,"minecraft:acacia_planks":9,"minecraft:orange_terracotta":2,"minecraft:acacia_boat":2,"jujutsucraft:uniform_itadori_chestplate":1,"jujutsucraft:clothes_kashimo_hajime_helmet":1,"jujutsucraft:uniform_normal_boots":1,"jujutsucraft:uniform_gojo_boots":1,"minecraft:crafting_table":4,"minecraft:stone_axe":18},"minecraft:killed_by":{"jujutsucraft:sukuna":3,"jujutsucraft:higuruma_hiromi":1,"jujutsucraft:cursed_spirit_grade_06":1,"minecraft:player":2,"jujutsucraft:fushiguro_toji_bug":1,"jujutsucraft:gojo_satoru":3,"jujutsucraft:sukuna_fushiguro":7,"jujutsucraft:okkotsu_yuta_culling_game":1,"jujutsucraft:jogo":1},"minecraft:dropped":{"jujutsucraft:clothes_kashimo_hajime_helmet":1,"minecraft:oak_log":2,"jujutsucraft:sword_shigemo":5,"minecraft:crafting_table":1,"minecraft:dark_oak_slab":2,"jujutsucraft:clothes_hakari_kinji_leggings":2,"jujutsucraft:sickle":2,"jujutsucraft:uniform_q_leggings":2,"minecraft:rail":8,"minecraft:cod":56,"minecraft:dirt":7,"minecraft:grass":1,"minecraft:dark_oak_fence":6,"minecraft:mutton":9,"minecraft:jungle_sapling":2,"minecraft:sand":13,"jujutsucraft:pendant_todo_aoi":1,"minecraft:white_wool":10,"minecraft:gravel":2,"jujutsucraft:uniform_gojo_boots":1,"minecraft:sugar_cane":2,"minecraft:oak_planks":2,"jujutsucraft:mahoraga_body_helmet":1,"jujutsucraft:naginata":1,"minecraft:dune_armor_trim_smithing_template":1,"minecraft:beetroot_seeds":6,"minecraft:melon_seeds":4,"jujutsucraft:clothes_zenin_chestplate":1,"minecraft:spruce_slab":1,"minecraft:oak_leaves":4,"jujutsucraft:clothes_uraume_boots":1,"minecraft:golden_boots":1,"jujutsucraft:clothes_kashimo_hajime_boots":1,"minecraft:vine":3,"minecraft:birch_leaves":1,"jujutsucraft:uniform_itadori_leggings":1,"jujutsucraft:mahoraga_body_leggings":1,"minecraft:cobblestone":8,"minecraft:activator_rail":9,"minecraft:spruce_stairs":2,"minecraft:grass_block":3,"jujutsucraft:hair_fushiguro_megumi_helmet":1,"minecraft:stick":6,"jujutsucraft:slaughter_demon":1,"jujutsucraft:clothes_zenin_leggings":1,"minecraft:ink_sac":57,"jujutsucraft:uniform_q_chestplate":1,"minecraft:white_concrete":15,"minecraft:brown_terracotta":2,"minecraft:jungle_leaves":1,"minecraft:iron_axe":1,"minecraft:string":3,"jujutsucraft:dragon_bone":1,"jujutsucraft:weapon_nanami":2,"minecraft:kelp":11,"jujutsucraft:uniform_normal_leggings":1,"jujutsucraft:playful_cloud":1,"minecraft:cocoa_beans":10,"minecraft:chicken":1,"minecraft:light_gray_wool":6,"jujutsucraft:sword_okkotsu_yuta":2,"jujutsucraft:uniform_itadori_chestplate":2,"minecraft:name_tag":1,"minecraft:shears":1,"jujutsucraft:uniform_normal_chestplate":1,"jujutsucraft:clothes_miguel_leggings":1,"minecraft:stone":7,"minecraft:spruce_planks":4,"jujutsucraft:clothes_zenin_2_leggings":1,"minecraft:oak_sapling":5,"jujutsucraft:uniform_normal_boots":3,"jujutsucraft:scissors":1,"minecraft:terracotta":2},"minecraft:mined":{"minecraft:acacia_log":20,"minecraft:dead_bush":6,"minecraft:seagrass":1,"minecraft:grass":13,"minecraft:oak_log":5,"minecraft:crafting_table":3,"minecraft:tall_grass":4,"minecraft:cactus":11},"minecraft:custom":{"minecraft:animals_bred":1,"minecraft:interact_with_crafting_table":5,"minecraft:open_barrel":14,"minecraft:leave_game":2,"minecraft:time_since_death":10777,"minecraft:damage_resisted":210311,"minecraft:sprint_one_cm":1254343,"minecraft:drop":200,"minecraft:play_time":217267,"minecraft:deaths":20,"minecraft:jump":2757,"minecraft:walk_on_water_one_cm":202594,"minecraft:damage_dealt":22603,"minecraft:player_kills":8,"minecraft:crouch_one_cm":3873,"minecraft:horse_one_cm":148,"minecraft:mob_kills":5771,"minecraft:damage_dealt_resisted":3955833,"minecraft:climb_one_cm":774,"minecraft:walk_one_cm":1151961,"minecraft:sneak_time":2346,"minecraft:walk_under_water_one_cm":76867,"minecraft:boat_one_cm":575330,"minecraft:total_world_time":217267,"minecraft:time_since_rest":10801,"minecraft:damage_taken":59007,"minecraft:swim_one_cm":162668,"minecraft:fly_one_cm":2547214,"minecraft:open_chest":9,"minecraft:fall_one_cm":213460},"minecraft:picked_up":{"jujutsucraft:clothes_hakari_kinji_boots":1,"jujutsucraft:uniform_normal_boots":2,"minecraft:string":3,"minecraft:activator_rail":6,"minecraft:stick":9,"minecraft:brown_terracotta":2,"minecraft:acacia_log":19,"minecraft:spruce_stairs":2,"jujutsucraft:sword_okkotsu_yuta":2,"minecraft:vine":3,"jujutsucraft:uniform_q_leggings":2,"minecraft:cactus":20,"jujutsucraft:naginata":1,"jujutsucraft:clothes_kashimo_hajime_helmet":1,"minecraft:cod":106,"minecraft:cobblestone":11,"jujutsucraft:mahoraga_body_helmet":2,"jujutsucraft:clothes_uraume_boots":1,"minecraft:acacia_boat":1,"jujutsucraft:scissors":1,"minecraft:dirt":7,"jujutsucraft:pendant_todo_aoi":1,"jujutsucraft:itadori_arm":1,"jujutsucraft:clothes_zenin_2_leggings":2,"jujutsucraft:uniform_itadori_chestplate":2,"jujutsucraft:clothes_hakari_kinji_leggings":1,"minecraft:sand":13,"minecraft:ink_sac":57,"minecraft:grass_block":3,"minecraft:jungle_leaves":1,"jujutsucraft:uniform_q_chestplate":1,"minecraft:bone_meal":5,"minecraft:grass":1,"minecraft:white_concrete":15,"minecraft:oak_sapling":5,"minecraft:dark_oak_fence":6,"minecraft:oak_leaves":4,"minecraft:cocoa_beans":10,"minecraft:crafting_table":2,"minecraft:chicken":1,"jujutsucraft:clothes_zenin_chestplate":1,"minecraft:packed_ice":1,"minecraft:iron_axe":1,"jujutsucraft:clothes_zenin_leggings":1,"minecraft:oak_boat":2,"jujutsucraft:sword_shigemo":5,"minecraft:jungle_sapling":2,"minecraft:light_gray_wool":6,"minecraft:spruce_slab":1,"minecraft:sugar_cane":2,"jujutsucraft:clothes_kashimo_hajime_boots":1,"jujutsucraft:hair_fushiguro_megumi_helmet":1,"minecraft:stone":7,"jujutsucraft:sickle":2,"jujutsucraft:mahoraga_body_leggings":3,"jujutsucraft:playful_cloud":2,"minecraft:beetroot_seeds":3,"minecraft:shears":1,"minecraft:mutton":9,"minecraft:white_wool":10,"minecraft:birch_leaves":1,"jujutsucraft:uniform_gojo_boots":1,"minecraft:salmon":15,"jujutsucraft:sukuna_finger":6,"jujutsucraft:item_master_physical_gifted":9,"minecraft:oak_log":7,"minecraft:orange_terracotta":2,"jujutsucraft:weapon_nanami":1,"minecraft:kelp":11,"jujutsucraft:clothes_miguel_leggings":1,"jujutsucraft:dragon_bone":1,"minecraft:dark_oak_slab":2,"minecraft:gravel":2,"minecraft:spruce_log":1,"minecraft:terracotta":2,"minecraft:melon_seeds":4},"minecraft:killed":{"jujutsucraft:mimiko":6,"jujutsucraft:cursed_spirit_grade_32":84,"jujutsucraft:cursed_spirit_grade_31":24,"jujutsucraft:inumaki_toge":7,"jujutsucraft:cursed_spirit_grade_33":69,"jujutsucraft:stevenson_screen":1,"jujutsucraft:ishigori_ryu":3,"jujutsucraft:cursed_spirit_grade_11":14,"jujutsucraft:zenin_naobito":10,"jujutsucraft:doll_1":37,"jujutsucraft:zenin_naoya":4,"jujutsucraft:cursed_spirit_grade_12":15,"jujutsucraft:miguel":3,"jujutsucraft:earthen_insect_trance":3,"jujutsucraft:tiger_funeral":1,"jujutsucraft:fushiguro_megumi_shibuya":6,"jujutsucraft:cursed_spirit_grade_37":8,"jujutsucraft:cursed_spirit_grade_35":26,"jujutsucraft:round_deer":1,"minecraft:cod":673,"minecraft:dolphin":104,"jujutsucraft:zenin_naoya_cursed_spirit_1":3,"jujutsucraft:cursed_spirit_grade_39":154,"jujutsucraft:larue":2,"jujutsucraft:cursed_spirit_grade_215":12,"minecraft:bee":3,"jujutsucraft:fushiguro_toji_bug":3,"minecraft:chicken":27,"jujutsucraft:cursed_spirit_grade_15":16,"jujutsucraft:cursed_spirit_grade_19":18,"jujutsucraft:cursed_spirit_grade_16":11,"jujutsucraft:fushiguro_toji":1,"jujutsucraft:panda_normal":8,"jujutsucraft:fist":7,"jujutsucraft:cursed_spirit_grade_214":7,"jujutsucraft:zenin_ogi":7,"jujutsucraft:cursed_spirit_grade_38":55,"jujutsucraft:cursed_spirit_grade_34":147,"jujutsucraft:nobara_kugisaki":8,"jujutsucraft:nanami_kento":6,"jujutsucraft:higuruma_hiromi":6,"jujutsucraft:miyo_rokujushi":2,"jujutsucraft:mei_mei":4,"jujutsucraft:hazenoki":5,"jujutsucraft:zenin_naoya_cursed_spirit_2":1,"jujutsucraft:ember_insect":33,"jujutsucraft:kusakabe_yatsuya":6,"jujutsucraft:eight_handled_swrod_divergent_sila_divine_general_mahoraga":1,"jujutsucraft:garuda":2,"minecraft:parrot":2,"minecraft:pig":31,"jujutsucraft:zenin_chojuro":4,"jujutsucraft:nishimiya_momo":4,"minecraft:salmon":61,"jujutsucraft:itadori_yuji_shinjuku":7,"jujutsucraft:cursed_spirit_grade_213":12,"jujutsucraft:awasaka_jiro":8,"jujutsucraft:zenin_jinichi":2,"jujutsucraft:choso":7,"jujutsucraft:bathynomus_giganteus":1,"jujutsucraft:curse_user_1":25,"jujutsucraft:cursed_spirit_grade_211":22,"jujutsucraft:cursed_spirit_grade_07":7,"jujutsucraft:itadori_yuji":13,"minecraft:sheep":36,"jujutsucraft:panda_gorilla":7,"jujutsucraft:jogo":5,"jujutsucraft:cursed_spirit_grade_29":19,"jujutsucraft:cursed_spirit_grade_28":15,"jujutsucraft:blue":2,"jujutsucraft:cursed_spirit_grade_314":105,"jujutsucraft:kenjaku":1,"jujutsucraft:cockroaches":20,"jujutsucraft:cursed_spirit_grade_18":8,"jujutsucraft:cursed_spirit_grade_17":9,"jujutsucraft:todo_aoi":6,"jujutsucraft:uro_takako":1,"jujutsucraft:zenin_maki_culling_game":1,"jujutsucraft:cursed_spirit_grade_110":10,"jujutsucraft:kashimo_hajime":4,"jujutsucraft:cursed_spirit_grade_315":118,"jujutsucraft:cursed_spirit_grade_212":35,"jujutsucraft:takaba_fumihiko":4,"jujutsucraft:ice_spear":3,"jujutsucraft:cursed_spirit_grade_06":7,"jujutsucraft:ino_takuma":8,"jujutsucraft:sea_serpent_mini":19,"minecraft:cow":32,"jujutsucraft:wooden_ball_1":12,"jujutsucraft:transfigured_human_3":40,"jujutsucraft:cursed_spirit_grade_21":14,"jujutsucraft:reggie_star":3,"jujutsucraft:dhruv_lakdawalla":3,"jujutsucraft:daido_hagane":4,"jujutsucraft:nanako":13,"jujutsucraft:divine_dog_totality":1,"jujutsucraft:charles_bernard":6,"jujutsucraft:needle":28,"jujutsucraft:yorozu":6,"jujutsucraft:liquid_metal":3,"jujutsucraft:cursed_spirit_grade_24":21,"jujutsucraft:tsukumo_yuki":2,"jujutsucraft:energy_ball_white":1,"jujutsucraft:yoshino_junpei":16,"jujutsucraft:rock_fragment":10,"jujutsucraft:cursed_spirit_grade_318":103,"jujutsucraft:rika_2":3,"jujutsucraft:cursed_spirit_grade_316":27,"jujutsucraft:cursed_spirit_grade_26":22,"jujutsucraft:geto_suguru":5,"jujutsucraft:cursed_spirit_grade_22":9,"jujutsucraft:kumiya_juzo":7,"jujutsucraft:transfigured_human_2":36,"jujutsucraft:wooden_spear_2":10,"jujutsucraft:cursed_spirit_grade_03":5,"jujutsucraft:cursed_spirit_grade_01":14,"jujutsucraft:shikigami_pterosaur":4,"jujutsucraft:miwa_kasumi":11,"jujutsucraft:cursed_spirit_grade_04":7,"jujutsucraft:wooden_spear_1":1,"jujutsucraft:cursed_spirit_grade_05":6,"jujutsucraft:shigemo_haruta":7,"jujutsucraft:okkotsu_yuta":3,"jujutsucraft:cursed_spirit_grade_312":36,"jujutsucraft:cursed_spirit_grade_313":48,"jujutsucraft:flame_arrow":1,"jujutsucraft:kechizu":6,"jujutsucraft:sea_serpent":16,"jujutsucraft:rabbit_escape":21,"jujutsucraft:rozetsu_shikigami":23,"jujutsucraft:gojo_satoru_school_days":3,"jujutsucraft:cursed_spirit_grade_08":5,"jujutsucraft:cursed_spirit_grade_23":19,"jujutsucraft:itadori_yuji_shibuya":3,"jujutsucraft:eso":9,"jujutsucraft:cursed_spirit_grade_317":81,"jujutsucraft:transfigured_human_1":21,"jujutsucraft:kurusu_hana":3,"jujutsucraft:cursed_spirit_grade_27":14,"minecraft:ocelot":11,"jujutsucraft:true_sphere":3,"jujutsucraft:okkotsu_yuta_culling_game":3,"jujutsucraft:dagon_2":2,"jujutsucraft:uraume":4,"jujutsucraft:cursed_spirit_grade_210":17,"jujutsucraft:entity_door":4,"jujutsucraft:dagon_1":3,"jujutsucraft:kukuru":11,"jujutsucraft:ice_spear_2":19,"jujutsucraft:jujutsu_sorcerer":49,"jujutsucraft:piercing_ox":1,"jujutsucraft:cursed_spirit_grade_09":1,"minecraft:bat":1220,"jujutsucraft:pure_love_cannon":2,"jujutsucraft:zenin_maki":7,"jujutsucraft:coffin":1,"jujutsucraft:hakari_kinji":4,"jujutsucraft:zenin_ranta":6,"jujutsucraft:curse_user":54,"jujutsucraft:mechamaru":13,"jujutsucraft:great_serpent":1,"jujutsucraft:yaga_masamichi":7,"jujutsucraft:divine_dog_white":1,"minecraft:squid":553,"jujutsucraft:cursed_spirit_grade_321":66,"jujutsucraft:zenin_naoya_cursed_spirit_3":1,"jujutsucraft:rozetsu":2,"jujutsucraft:garuda_ball":1,"jujutsucraft:entity_scissors":4,"jujutsucraft:cursed_spirit_grade_14":12,"jujutsucraft:cursed_spirit_grade_311":38,"jujutsucraft:cursed_spirit_grade_310":71,"jujutsucraft:negi_toshihisa":6,"jujutsucraft:cursed_spirit_grade_13":8,"jujutsucraft:miguel_dancer":5,"jujutsucraft:cursed_spirit_grade_36":102,"jujutsucraft:cursed_spirit_grade_25":28,"jujutsucraft:hanami":3,"jujutsucraft:moon_dregs":7,"jujutsucraft:killer_1":1,"jujutsucraft:cursed_spirit_grade_319":81,"jujutsucraft:rika":1,"jujutsucraft:hoshi_kirara":7,"jujutsucraft:cursed_spirit_grade_02":6,"jujutsucraft:cursed_spirit_grade_322":74,"jujutsucraft:geto_suguru_curse_user":3,"minecraft:villager":6,"jujutsucraft:kamo_noritoshi":16,"jujutsucraft:q":25,"jujutsucraft:fushiguro_megumi":14,"jujutsucraft:gravestone_3":5,"jujutsucraft:ogami":9},"minecraft:crafted":{"minecraft:oak_planks":20,"minecraft:crafting_table":3,"minecraft:spruce_planks":4,"minecraft:stick":4,"minecraft:stone_axe":1,"minecraft:acacia_boat":2,"minecraft:oak_boat":1,"minecraft:wooden_axe":1,"minecraft:acacia_planks":76}},"DataVersion":3465}