{"stats":{"minecraft:dropped":{"jujutsucraft:dragon_bone":1},"minecraft:used":{"jujutsucraft:uniform_normal_boots":1,"jujutsucraft:sword_of_extermination":4,"jujutsucraft:uniform_normal_leggings":1,"jujutsucraft:uniform_normal_chestplate":1},"minecraft:killed_by":{"minecraft:player":2,"jujutsucraft:cursed_spirit_grade_215":1,"jujutsucraft:cursed_spirit_grade_212":6},"minecraft:mined":{"minecraft:red_sand":1,"minecraft:dead_bush":1,"minecraft:cobweb":2},"minecraft:killed":{"jujutsucraft:cursed_spirit_grade_32":2,"jujutsucraft:cursed_spirit_grade_39":3,"jujutsucraft:cursed_spirit_grade_33":2,"jujutsucraft:cursed_spirit_grade_314":4,"jujutsucraft:cursed_spirit_grade_313":1,"minecraft:salmon":8,"jujutsucraft:cursed_spirit_grade_36":4,"jujutsucraft:yoshino_junpei":1,"jujutsucraft:cursed_spirit_grade_315":1,"jujutsucraft:cursed_spirit_grade_317":3,"jujutsucraft:cursed_spirit_grade_316":2,"jujutsucraft:cursed_spirit_grade_318":2,"jujutsucraft:cursed_spirit_grade_212":1,"jujutsucraft:cursed_spirit_grade_38":1,"jujutsucraft:curse_user_1":1,"jujutsucraft:cursed_spirit_grade_34":5,"jujutsucraft:cursed_spirit_grade_322":2,"minecraft:squid":3,"jujutsucraft:cursed_spirit_grade_321":1},"minecraft:picked_up":{"jujutsucraft:hair_fushiguro_megumi_helmet":1,"jujutsucraft:dragon_bone":2,"minecraft:stick":2,"jujutsucraft:item_insect":1,"jujutsucraft:uniform_normal_boots":1,"jujutsucraft:cursed_technique_changer":1,"jujutsucraft:uniform_normal_chestplate":2,"jujutsucraft:uniform_normal_leggings":1,"minecraft:red_sand":1},"minecraft:custom":{"minecraft:time_since_rest":2236,"minecraft:sprint_one_cm":74803,"minecraft:damage_taken":4092,"minecraft:walk_one_cm":53949,"minecraft:mob_kills":48,"minecraft:drop":1,"minecraft:swim_one_cm":2266,"minecraft:fly_one_cm":70775,"minecraft:crouch_one_cm":2,"minecraft:play_time":19142,"minecraft:deaths":9,"minecraft:sneak_time":6,"minecraft:walk_under_water_one_cm":13387,"minecraft:jump":212,"minecraft:damage_dealt_resisted":10307,"minecraft:leave_game":2,"minecraft:time_since_death":2210,"minecraft:walk_on_water_one_cm":9262,"minecraft:total_world_time":19142,"minecraft:damage_resisted":796,"minecraft:fall_one_cm":20954}},"DataVersion":3465}