{"stats":{"minecraft:crafted":{"minecraft:oak_planks":24,"minecraft:crafting_table":1,"minecraft:stick":8},"minecraft:dropped":{"minecraft:poppy":2,"minecraft:seagrass":1,"jujutsucraft:dragon_bone":1},"minecraft:used":{"jujutsucraft:uniform_normal_boots":1,"jujutsucraft:uniform_normal_chestplate":1,"jujutsucraft:sword_of_extermination":4,"jujutsucraft:uniform_normal_leggings":1},"minecraft:killed_by":{"minecraft:player":2,"jujutsucraft:cursed_spirit_grade_16":1,"jujutsucraft:jogo":2,"jujutsucraft:moon_dregs":4,"jujutsucraft:zenin_naoya":1,"jujutsucraft:cursed_spirit_grade_215":1,"jujutsucraft:cursed_spirit_grade_06":1,"jujutsucraft:itadori_yuji_shinjuku":1,"jujutsucraft:cursed_spirit_grade_212":6},"minecraft:mined":{"minecraft:red_sand":1,"minecraft:dead_bush":1,"minecraft:sugar_cane":2,"minecraft:oak_log":6,"minecraft:cobweb":2,"minecraft:oak_leaves":26},"minecraft:picked_up":{"minecraft:seagrass":1,"jujutsucraft:uniform_normal_boots":1,"jujutsucraft:cursed_technique_changer":1,"minecraft:oak_log":6,"minecraft:dirt":1,"jujutsucraft:uniform_normal_leggings":1,"minecraft:red_sand":1,"minecraft:rabbit_hide":1,"minecraft:iron_ingot":5,"jujutsucraft:sword_shigemo":1,"minecraft:poppy":2,"minecraft:rabbit":1,"minecraft:sugar_cane":5,"jujutsucraft:hair_fushiguro_megumi_helmet":1,"jujutsucraft:dragon_bone":2,"minecraft:stick":6,"jujutsucraft:item_insect":1,"jujutsucraft:glasses_maki_leggings":1,"minecraft:sand":1,"jujutsucraft:uniform_normal_chestplate":2,"minecraft:oak_sapling":1,"minecraft:black_wool":1,"minecraft:mutton":9,"minecraft:white_wool":4},"minecraft:killed":{"jujutsucraft:cursed_spirit_grade_32":7,"minecraft:cat":3,"jujutsucraft:transfigured_human_3":2,"jujutsucraft:cursed_spirit_grade_210":3,"jujutsucraft:cursed_spirit_grade_31":3,"jujutsucraft:cursed_spirit_grade_33":2,"jujutsucraft:nishimiya_momo":1,"jujutsucraft:itadori_yuji_shinjuku":1,"minecraft:salmon":9,"jujutsucraft:cursed_spirit_grade_24":3,"jujutsucraft:cursed_spirit_grade_213":1,"minecraft:rabbit":2,"minecraft:iron_golem":1,"minecraft:bat":5,"jujutsucraft:cursed_spirit_grade_35":1,"jujutsucraft:yoshino_junpei":1,"jujutsucraft:cursed_spirit_grade_211":1,"jujutsucraft:cursed_spirit_grade_318":6,"jujutsucraft:curse_user_1":3,"jujutsucraft:cursed_spirit_grade_316":2,"jujutsucraft:kumiya_juzo":1,"minecraft:squid":3,"jujutsucraft:cursed_spirit_grade_321":2,"minecraft:sheep":5,"jujutsucraft:cursed_spirit_grade_39":8,"jujutsucraft:shigemo_haruta":1,"jujutsucraft:cursed_spirit_grade_313":4,"jujutsucraft:cursed_spirit_grade_312":1,"jujutsucraft:cursed_spirit_grade_314":16,"jujutsucraft:cursed_spirit_grade_311":1,"jujutsucraft:cursed_spirit_grade_310":1,"jujutsucraft:negi_toshihisa":1,"jujutsucraft:cursed_spirit_grade_19":1,"jujutsucraft:cursed_spirit_grade_16":2,"jujutsucraft:cursed_spirit_grade_36":16,"jujutsucraft:cursed_spirit_grade_25":1,"jujutsucraft:eso":1,"jujutsucraft:cursed_spirit_grade_34":9,"jujutsucraft:cursed_spirit_grade_317":8,"jujutsucraft:cursed_spirit_grade_315":2,"jujutsucraft:cursed_spirit_grade_38":4,"jujutsucraft:cursed_spirit_grade_212":1,"jujutsucraft:cursed_spirit_grade_319":4,"jujutsucraft:cursed_spirit_grade_322":4,"jujutsucraft:kurusu_hana":1,"jujutsucraft:kamo_noritoshi":1,"minecraft:cow":1},"minecraft:custom":{"minecraft:mob_kills":166,"minecraft:damage_dealt_resisted":54027,"minecraft:leave_game":2,"minecraft:time_since_death":7740,"minecraft:climb_one_cm":299,"minecraft:damage_resisted":11146,"minecraft:time_since_rest":7766,"minecraft:sprint_one_cm":340538,"minecraft:damage_taken":13287,"minecraft:walk_one_cm":221246,"minecraft:drop":3,"minecraft:swim_one_cm":2266,"minecraft:fly_one_cm":264974,"minecraft:open_chest":3,"minecraft:crouch_one_cm":721,"minecraft:play_time":55142,"minecraft:deaths":19,"minecraft:sneak_time":598,"minecraft:walk_under_water_one_cm":13387,"minecraft:boat_one_cm":204749,"minecraft:jump":629,"minecraft:walk_on_water_one_cm":11048,"minecraft:total_world_time":55142,"minecraft:interact_with_smoker":1,"minecraft:fall_one_cm":37877,"minecraft:horse_one_cm":212}},"DataVersion":3465}