{"stats":{"minecraft:killed_by":{"jujutsucraft:cursed_spirit_grade_212":6},"minecraft:used":{"jujutsucraft:uniform_normal_boots":1,"jujutsucraft:uniform_normal_chestplate":1,"jujutsucraft:uniform_normal_leggings":1},"minecraft:picked_up":{"jujutsucraft:uniform_normal_leggings":1,"jujutsucraft:cursed_technique_changer":1,"jujutsucraft:uniform_normal_chestplate":1,"jujutsucraft:item_insect":1,"jujutsucraft:uniform_normal_boots":1},"minecraft:custom":{"minecraft:jump":46,"minecraft:time_since_rest":5085,"minecraft:damage_taken":1626,"minecraft:leave_game":2,"minecraft:play_time":7142,"minecraft:time_since_death":4736,"minecraft:sprint_one_cm":11427,"minecraft:walk_one_cm":10285,"minecraft:deaths":6,"minecraft:total_world_time":7142,"minecraft:fly_one_cm":22159,"minecraft:fall_one_cm":1629,"minecraft:damage_dealt_resisted":0}},"DataVersion":3465}