{"stats":{"minecraft:crafted":{"minecraft:oak_planks":24,"minecraft:crafting_table":1,"minecraft:wooden_pickaxe":1,"minecraft:stick":8,"minecraft:stone_pickaxe":1},"minecraft:dropped":{"minecraft:gravel":4,"minecraft:cobblestone":4,"minecraft:poppy":2,"minecraft:seagrass":1,"minecraft:acacia_sapling":4,"jujutsucraft:clothes_zenin_2_chestplate":1,"jujutsucraft:dragon_bone":1},"minecraft:used":{"minecraft:stone_pickaxe":4,"minecraft:wooden_pickaxe":18,"jujutsucraft:uniform_normal_boots":1,"minecraft:crafting_table":1,"jujutsucraft:uniform_normal_chestplate":1,"jujutsucraft:sword_of_extermination":8,"jujutsucraft:uniform_normal_leggings":1},"minecraft:killed_by":{"jujutsucraft:sukuna_fushiguro":5,"minecraft:player":3,"jujutsucraft:cursed_spirit_grade_16":1,"jujutsucraft:jogo":2,"jujutsucraft:moon_dregs":4,"jujutsucraft:zenin_naoya":1,"jujutsucraft:cursed_spirit_grade_215":1,"jujutsucraft:sukuna":2,"jujutsucraft:fushiguro_toji_bug":1,"jujutsucraft:cursed_spirit_grade_06":1,"jujutsucraft:gojo_satoru":2,"jujutsucraft:itadori_yuji_shinjuku":1,"jujutsucraft:cursed_spirit_grade_212":6},"minecraft:mined":{"minecraft:crafting_table":1,"minecraft:red_sand":1,"minecraft:dead_bush":1,"minecraft:tall_grass":2,"minecraft:sugar_cane":2,"minecraft:iron_ore":4,"minecraft:coal_ore":7,"minecraft:oak_log":6,"minecraft:gravel":5,"minecraft:cobweb":2,"minecraft:stone":11,"minecraft:oak_leaves":26},"minecraft:killed":{"jujutsucraft:cursed_spirit_grade_32":10,"minecraft:cat":3,"jujutsucraft:transfigured_human_3":3,"jujutsucraft:cursed_spirit_grade_210":3,"jujutsucraft:cursed_spirit_grade_31":3,"jujutsucraft:cursed_spirit_grade_33":3,"minecraft:pig":1,"jujutsucraft:charles_bernard":1,"jujutsucraft:nishimiya_momo":1,"jujutsucraft:cursed_spirit_grade_12":1,"jujutsucraft:itadori_yuji_shinjuku":1,"minecraft:salmon":16,"jujutsucraft:cursed_spirit_grade_24":3,"jujutsucraft:cursed_spirit_grade_213":1,"minecraft:rabbit":2,"minecraft:iron_golem":1,"minecraft:bat":5,"jujutsucraft:cursed_spirit_grade_35":1,"jujutsucraft:yoshino_junpei":1,"jujutsucraft:cursed_spirit_grade_211":3,"jujutsucraft:cursed_spirit_grade_318":6,"jujutsucraft:curse_user_1":3,"jujutsucraft:cursed_spirit_grade_316":2,"jujutsucraft:kumiya_juzo":1,"minecraft:squid":3,"jujutsucraft:cursed_spirit_grade_321":2,"minecraft:sheep":5,"jujutsucraft:cursed_spirit_grade_39":9,"jujutsucraft:shigemo_haruta":2,"jujutsucraft:cursed_spirit_grade_313":4,"jujutsucraft:cursed_spirit_grade_312":2,"jujutsucraft:cursed_spirit_grade_314":16,"jujutsucraft:entity_scissors":11,"jujutsucraft:cursed_spirit_grade_311":2,"jujutsucraft:cursed_spirit_grade_310":2,"jujutsucraft:negi_toshihisa":1,"jujutsucraft:cursed_spirit_grade_19":1,"jujutsucraft:cursed_spirit_grade_16":2,"jujutsucraft:cursed_spirit_grade_36":16,"jujutsucraft:cursed_spirit_grade_25":2,"jujutsucraft:eso":1,"jujutsucraft:cursed_spirit_grade_34":9,"jujutsucraft:cursed_spirit_grade_317":9,"jujutsucraft:cursed_spirit_grade_315":2,"jujutsucraft:cursed_spirit_grade_38":4,"jujutsucraft:cursed_spirit_grade_212":2,"jujutsucraft:cursed_spirit_grade_319":4,"jujutsucraft:cursed_spirit_grade_322":4,"jujutsucraft:kurusu_hana":1,"jujutsucraft:kamo_noritoshi":1,"minecraft:cow":1},"minecraft:picked_up":{"jujutsucraft:clothes_zenin_2_chestplate":1,"minecraft:seagrass":1,"minecraft:crafting_table":1,"jujutsucraft:uniform_normal_boots":1,"jujutsucraft:cursed_technique_changer":1,"minecraft:flint":1,"minecraft:oak_log":6,"minecraft:dirt":1,"jujutsucraft:uniform_normal_leggings":1,"jujutsucraft:split_soul_katana":1,"minecraft:wheat_seeds":1,"minecraft:red_sand":1,"minecraft:rabbit_hide":1,"minecraft:iron_ingot":5,"jujutsucraft:sword_shigemo":1,"minecraft:tall_grass":1,"minecraft:poppy":2,"minecraft:rabbit":1,"minecraft:sugar_cane":5,"minecraft:acacia_sapling":4,"jujutsucraft:hair_fushiguro_megumi_helmet":1,"jujutsucraft:dragon_bone":2,"minecraft:stick":8,"minecraft:raw_iron":4,"jujutsucraft:item_insect":1,"minecraft:acacia_log":1,"jujutsucraft:glasses_maki_leggings":1,"minecraft:gravel":4,"minecraft:sand":1,"jujutsucraft:uniform_normal_chestplate":2,"jujutsucraft:naginata":1,"minecraft:oak_sapling":1,"minecraft:black_wool":1,"minecraft:mutton":9,"minecraft:coal":7,"minecraft:white_wool":4,"minecraft:cobblestone":11},"minecraft:custom":{"minecraft:mob_kills":239,"minecraft:interact_with_crafting_table":3,"minecraft:damage_dealt_resisted":70972,"minecraft:leave_game":2,"minecraft:time_since_death":379,"minecraft:climb_one_cm":299,"minecraft:damage_resisted":24235,"minecraft:time_since_rest":406,"minecraft:sprint_one_cm":403253,"minecraft:damage_taken":20741,"minecraft:walk_one_cm":291273,"minecraft:drop":10,"minecraft:damage_dealt":246,"minecraft:swim_one_cm":2266,"minecraft:fly_one_cm":393896,"minecraft:open_chest":3,"minecraft:crouch_one_cm":721,"minecraft:play_time":67142,"minecraft:deaths":30,"minecraft:sneak_time":598,"minecraft:walk_under_water_one_cm":20514,"minecraft:boat_one_cm":204749,"minecraft:jump":739,"minecraft:walk_on_water_one_cm":22079,"minecraft:total_world_time":67142,"minecraft:interact_with_smoker":1,"minecraft:fall_one_cm":42700,"minecraft:horse_one_cm":212}},"DataVersion":3465}