{"stats":{"minecraft:crafted":{"minecraft:oak_planks":24},"minecraft:dropped":{"jujutsucraft:dragon_bone":1},"minecraft:used":{"jujutsucraft:uniform_normal_boots":1,"jujutsucraft:uniform_normal_chestplate":1,"jujutsucraft:sword_of_extermination":4,"jujutsucraft:uniform_normal_leggings":1},"minecraft:killed_by":{"minecraft:player":2,"jujutsucraft:cursed_spirit_grade_16":1,"jujutsucraft:jogo":2,"jujutsucraft:moon_dregs":4,"jujutsucraft:zenin_naoya":1,"jujutsucraft:cursed_spirit_grade_215":1,"jujutsucraft:cursed_spirit_grade_06":1,"jujutsucraft:cursed_spirit_grade_212":6},"minecraft:mined":{"minecraft:red_sand":1,"minecraft:dead_bush":1,"minecraft:sugar_cane":2,"minecraft:oak_log":6,"minecraft:cobweb":2,"minecraft:oak_leaves":26},"minecraft:picked_up":{"minecraft:seagrass":1,"jujutsucraft:uniform_normal_boots":1,"jujutsucraft:cursed_technique_changer":1,"minecraft:oak_log":6,"minecraft:dirt":1,"jujutsucraft:uniform_normal_leggings":1,"minecraft:red_sand":1,"minecraft:rabbit_hide":1,"minecraft:iron_ingot":5,"minecraft:poppy":2,"minecraft:rabbit":1,"minecraft:sugar_cane":5,"jujutsucraft:hair_fushiguro_megumi_helmet":1,"jujutsucraft:dragon_bone":2,"minecraft:stick":6,"jujutsucraft:item_insect":1,"minecraft:sand":1,"jujutsucraft:uniform_normal_chestplate":2,"minecraft:oak_sapling":1},"minecraft:killed":{"jujutsucraft:cursed_spirit_grade_32":5,"minecraft:cat":3,"jujutsucraft:transfigured_human_3":2,"jujutsucraft:cursed_spirit_grade_210":2,"jujutsucraft:cursed_spirit_grade_31":3,"jujutsucraft:cursed_spirit_grade_33":2,"jujutsucraft:nishimiya_momo":1,"minecraft:salmon":9,"jujutsucraft:cursed_spirit_grade_24":3,"jujutsucraft:cursed_spirit_grade_213":1,"minecraft:rabbit":2,"minecraft:iron_golem":1,"minecraft:bat":4,"jujutsucraft:cursed_spirit_grade_35":1,"jujutsucraft:yoshino_junpei":1,"jujutsucraft:cursed_spirit_grade_211":1,"jujutsucraft:cursed_spirit_grade_318":6,"jujutsucraft:curse_user_1":3,"jujutsucraft:cursed_spirit_grade_316":2,"minecraft:squid":3,"jujutsucraft:cursed_spirit_grade_321":2,"jujutsucraft:cursed_spirit_grade_39":7,"jujutsucraft:shigemo_haruta":1,"jujutsucraft:cursed_spirit_grade_313":2,"jujutsucraft:cursed_spirit_grade_312":1,"jujutsucraft:cursed_spirit_grade_314":16,"jujutsucraft:cursed_spirit_grade_311":1,"jujutsucraft:cursed_spirit_grade_310":1,"jujutsucraft:negi_toshihisa":1,"jujutsucraft:cursed_spirit_grade_19":1,"jujutsucraft:cursed_spirit_grade_16":2,"jujutsucraft:cursed_spirit_grade_36":12,"jujutsucraft:cursed_spirit_grade_25":1,"jujutsucraft:eso":1,"jujutsucraft:cursed_spirit_grade_34":9,"jujutsucraft:cursed_spirit_grade_317":8,"jujutsucraft:cursed_spirit_grade_315":2,"jujutsucraft:cursed_spirit_grade_38":3,"jujutsucraft:cursed_spirit_grade_212":1,"jujutsucraft:cursed_spirit_grade_319":4,"jujutsucraft:cursed_spirit_grade_322":4,"minecraft:cow":1},"minecraft:custom":{"minecraft:mob_kills":145,"minecraft:damage_dealt_resisted":42770,"minecraft:leave_game":2,"minecraft:time_since_death":4101,"minecraft:climb_one_cm":299,"minecraft:damage_resisted":7096,"minecraft:time_since_rest":4128,"minecraft:sprint_one_cm":248690,"minecraft:damage_taken":10584,"minecraft:walk_one_cm":172643,"minecraft:drop":1,"minecraft:swim_one_cm":2266,"minecraft:fly_one_cm":213784,"minecraft:open_chest":3,"minecraft:crouch_one_cm":684,"minecraft:play_time":43142,"minecraft:deaths":18,"minecraft:sneak_time":539,"minecraft:walk_under_water_one_cm":13387,"minecraft:boat_one_cm":48693,"minecraft:jump":544,"minecraft:walk_on_water_one_cm":9650,"minecraft:total_world_time":43142,"minecraft:interact_with_smoker":1,"minecraft:fall_one_cm":35702,"minecraft:horse_one_cm":212}},"DataVersion":3465}