{"stats":{"minecraft:custom":{"minecraft:jump":37,"minecraft:time_since_rest":273,"minecraft:leave_game":1,"minecraft:sprint_one_cm":9702,"minecraft:deaths":6,"minecraft:play_time":2330,"minecraft:damage_taken":1622,"minecraft:time_since_death":0,"minecraft:walk_one_cm":8380,"minecraft:total_world_time":2330,"minecraft:fall_one_cm":1420,"minecraft:fly_one_cm":20481,"minecraft:damage_dealt_resisted":0},"minecraft:picked_up":{"jujutsucraft:uniform_normal_leggings":1,"jujutsucraft:cursed_technique_changer":1,"jujutsucraft:uniform_normal_chestplate":1,"jujutsucraft:item_insect":1,"jujutsucraft:uniform_normal_boots":1},"minecraft:killed_by":{"jujutsucraft:cursed_spirit_grade_212":6},"minecraft:used":{"jujutsucraft:uniform_normal_boots":1,"jujutsucraft:uniform_normal_chestplate":1,"jujutsucraft:uniform_normal_leggings":1}},"DataVersion":3465}