{"stats":{"minecraft:crafted":{"minecraft:oak_planks":24,"minecraft:stone_pickaxe":1,"minecraft:crafting_table":1,"minecraft:wooden_pickaxe":1,"minecraft:stick":8,"minecraft:iron_pickaxe":1},"minecraft:dropped":{"minecraft:wheat_seeds":1,"jujutsucraft:sword_shigemo":1,"minecraft:cobblestone":4,"minecraft:seagrass":1,"jujutsucraft:dragon_bone":1,"minecraft:gravel":4,"minecraft:tall_grass":1,"jujutsucraft:naginata":1,"minecraft:poppy":2,"minecraft:rabbit_hide":1,"minecraft:acacia_sapling":4,"jujutsucraft:clothes_zenin_2_chestplate":1,"jujutsucraft:g_staff":1},"minecraft:used":{"minecraft:stone_pickaxe":7,"minecraft:wooden_pickaxe":20,"jujutsucraft:uniform_normal_boots":1,"minecraft:crafting_table":2,"jujutsucraft:uniform_normal_chestplate":1,"minecraft:iron_pickaxe":1,"jujutsucraft:sword_of_extermination":13,"jujutsucraft:uniform_normal_leggings":1},"minecraft:killed_by":{"minecraft:player":3,"jujutsucraft:cursed_spirit_grade_16":1,"jujutsucraft:kenjaku":1,"jujutsucraft:cursed_spirit_grade_215":1,"jujutsucraft:sukuna":3,"jujutsucraft:fushiguro_toji_bug":1,"jujutsucraft:gojo_satoru":2,"jujutsucraft:itadori_yuji_shinjuku":1,"jujutsucraft:cursed_spirit_grade_212":6,"jujutsucraft:sukuna_fushiguro":5,"jujutsucraft:jogo":2,"jujutsucraft:moon_dregs":4,"jujutsucraft:zenin_naoya":1,"jujutsucraft:yorozu":1,"jujutsucraft:cursed_spirit_grade_06":1},"minecraft:mined":{"minecraft:red_sand":1,"minecraft:white_concrete":2,"minecraft:iron_ore":6,"minecraft:gold_block":1,"minecraft:stone":12,"minecraft:crafting_table":2,"minecraft:dead_bush":1,"minecraft:tall_grass":4,"minecraft:sugar_cane":2,"minecraft:grass":2,"minecraft:oak_log":6,"minecraft:coal_ore":7,"minecraft:gravel":5,"minecraft:cobweb":2,"minecraft:oak_leaves":26},"minecraft:killed":{"jujutsucraft:cursed_spirit_grade_32":11,"jujutsucraft:transfigured_human_3":4,"jujutsucraft:cursed_spirit_grade_31":4,"jujutsucraft:cursed_spirit_grade_33":3,"jujutsucraft:charles_bernard":1,"jujutsucraft:needle":4,"jujutsucraft:liquid_metal":1,"jujutsucraft:cursed_spirit_grade_24":5,"jujutsucraft:cursed_spirit_grade_12":1,"jujutsucraft:cursed_spirit_grade_35":1,"jujutsucraft:yoshino_junpei":2,"jujutsucraft:cursed_spirit_grade_318":7,"jujutsucraft:cursed_spirit_grade_316":2,"minecraft:cod":3,"jujutsucraft:kumiya_juzo":1,"jujutsucraft:cursed_spirit_grade_22":1,"jujutsucraft:wooden_spear_2":1,"jujutsucraft:cursed_spirit_grade_01":1,"jujutsucraft:cursed_spirit_grade_04":1,"jujutsucraft:cursed_spirit_grade_05":1,"jujutsucraft:cursed_spirit_grade_39":9,"jujutsucraft:shigemo_haruta":2,"jujutsucraft:cursed_spirit_grade_312":3,"jujutsucraft:cursed_spirit_grade_313":4,"jujutsucraft:cursed_spirit_grade_215":1,"jujutsucraft:sea_serpent":2,"jujutsucraft:cursed_spirit_grade_16":3,"jujutsucraft:cursed_spirit_grade_19":1,"jujutsucraft:fist":3,"jujutsucraft:cursed_spirit_grade_08":1,"jujutsucraft:cursed_spirit_grade_23":2,"jujutsucraft:itadori_yuji_shibuya":1,"jujutsucraft:eso":1,"jujutsucraft:cursed_spirit_grade_317":11,"jujutsucraft:cursed_spirit_grade_38":5,"jujutsucraft:cursed_spirit_grade_34":12,"jujutsucraft:kurusu_hana":1,"minecraft:tropical_fish":8,"minecraft:cat":3,"jujutsucraft:cursed_spirit_grade_210":4,"minecraft:pig":3,"jujutsucraft:nishimiya_momo":1,"jujutsucraft:cursed_spirit_grade_213":2,"minecraft:salmon":16,"jujutsucraft:itadori_yuji_shinjuku":1,"minecraft:rabbit":2,"jujutsucraft:zenin_jinichi":2,"minecraft:iron_golem":1,"minecraft:bat":7,"jujutsucraft:curse_user_1":3,"jujutsucraft:cursed_spirit_grade_211":3,"jujutsucraft:coffin":5,"minecraft:squid":3,"jujutsucraft:cursed_spirit_grade_321":4,"minecraft:sheep":5,"jujutsucraft:cursed_spirit_grade_28":1,"jujutsucraft:cursed_spirit_grade_314":16,"jujutsucraft:entity_scissors":11,"jujutsucraft:cockroaches":4,"jujutsucraft:cursed_spirit_grade_311":2,"jujutsucraft:cursed_spirit_grade_310":2,"jujutsucraft:negi_toshihisa":1,"jujutsucraft:cursed_spirit_grade_36":17,"jujutsucraft:cursed_spirit_grade_25":2,"jujutsucraft:cursed_spirit_grade_315":2,"jujutsucraft:cursed_spirit_grade_212":2,"jujutsucraft:cursed_spirit_grade_319":6,"jujutsucraft:cursed_spirit_grade_322":4,"jujutsucraft:takaba_fumihiko":1,"jujutsucraft:cursed_spirit_grade_06":1,"jujutsucraft:kamo_noritoshi":1,"minecraft:cow":2,"jujutsucraft:gravestone_3":2},"minecraft:picked_up":{"minecraft:crafting_table":2,"minecraft:seagrass":1,"jujutsucraft:clothes_zenin_2_chestplate":1,"jujutsucraft:uniform_normal_boots":1,"minecraft:gold_block":1,"jujutsucraft:cursed_technique_changer":1,"minecraft:red_sand":1,"jujutsucraft:sword_shigemo":1,"minecraft:poppy":2,"minecraft:sugar_cane":7,"jujutsucraft:hair_fushiguro_megumi_helmet":1,"minecraft:stick":8,"minecraft:raw_iron":6,"minecraft:oak_door":1,"minecraft:acacia_log":1,"jujutsucraft:naginata":1,"minecraft:mutton":9,"minecraft:white_wool":4,"minecraft:cobblestone":12,"jujutsucraft:g_staff":1,"minecraft:salmon":4,"minecraft:flint":1,"jujutsucraft:sukuna_finger":1,"minecraft:oak_log":6,"minecraft:acacia_boat":1,"minecraft:dirt":2,"jujutsucraft:uniform_normal_leggings":1,"minecraft:wheat_seeds":1,"jujutsucraft:split_soul_katana":1,"minecraft:rabbit_hide":1,"minecraft:iron_ingot":5,"minecraft:tall_grass":1,"minecraft:rabbit":1,"minecraft:acacia_sapling":4,"jujutsucraft:dragon_bone":2,"jujutsucraft:item_insect":1,"jujutsucraft:glasses_maki_leggings":1,"minecraft:gravel":4,"minecraft:sand":1,"jujutsucraft:uniform_normal_chestplate":2,"minecraft:oak_sapling":1,"minecraft:black_wool":1,"minecraft:coal":7},"minecraft:custom":{"minecraft:mob_kills":325,"minecraft:interact_with_crafting_table":4,"minecraft:open_barrel":9,"minecraft:damage_dealt_resisted":165019,"minecraft:leave_game":3,"minecraft:time_since_death":3528,"minecraft:climb_one_cm":299,"minecraft:damage_resisted":56394,"minecraft:sprint_one_cm":542741,"minecraft:walk_one_cm":436779,"minecraft:drop":16,"minecraft:play_time":92972,"minecraft:deaths":33,"minecraft:sneak_time":790,"minecraft:walk_under_water_one_cm":47302,"minecraft:boat_one_cm":271164,"minecraft:interact_with_lectern":1,"minecraft:jump":1042,"minecraft:walk_on_water_one_cm":44847,"minecraft:total_world_time":92972,"minecraft:time_since_rest":3564,"minecraft:damage_taken":28782,"minecraft:damage_dealt":246,"minecraft:swim_one_cm":24490,"minecraft:fly_one_cm":576600,"minecraft:open_chest":25,"minecraft:crouch_one_cm":1472,"minecraft:interact_with_smoker":1,"minecraft:fall_one_cm":57947,"minecraft:horse_one_cm":212}},"DataVersion":3465}